title	link	content
전북도 '코로나19' 소상공인 특례보증 신속 지원	https://news.naver.com/main/read.nhn?mode=LSD&mid=sec&sid1=001&oid=079&aid=0003336998	신속지원시스템 구축, 기존 1개월 처리 절반으로 줄이기로[전북CBS 도상진 기자]전라북도 나석훈 일자리경제본부장이 소상공인에 대한 신속한 지원 방침을 설명하고 있다(사진=도상진 기자)'코로나19'와 관련한 긴급 추경을 편성한 전라북도가 침체된 지역경제 회복을 위해 최대한 신속하게 소상공인에 대한 지원에 나서기로 했다.전라북도와 전북신용보증재단은 도내 소상공인을 대상으로 한 특례보증의 실행 속도를 높이기 위해 신속지원시스템을 구축 운영한다고 밝혔다.전라북도는 신속지원시스템을 통하면 기존 1개월 가까이 걸리던 처리속도를 2주 이내로 단축할 것으로 보고 있다.전라북도는 또 일정 조건을 만족하면 현장실사 없이 집행에 나서 자금난에 허덕이는 소상공인을 돕게 된다고 설명했다.신속지원시스템은 전북신보의 업무 가운데 일부를 시중은행에 위탁하고 1년 미만, 7등급 이하, 5천만 원 초과 신청자를 제외하고는 현장실사 없이 진행하는 등의 방식으로 운영된다.전라북도 등의 이러한 방침은 신속집행은 '코로나19' 발생 이후 하루 70건 정도이던 전북신보의 상담이 700건을 넘어 현재 1만여 건이 상담과 3천억 원 정도의 자금 신청에 이르고 있는데 따른 것이다.전라북도는 소상공인의 어려움을 줄이기 위해 지원의 속도뿐 아니라 규모도 늘려 실질적인 혜택이 더 많은 소상공인에게 돌아갈 수 있도록 하겠다고 강조했다.한편 전라북도는 '코로나19'  확산으로 갈수록 늘고 있는 자금수요에 대응하기 위해 2650억 원 규모의 초저금리 특례보증을 긴급 투입했다.▶ 확 달라진 노컷뉴스▶ 클릭 한 번이면 노컷뉴스 구독!▶ 보다 나은 세상, 노컷브이와 함께dosj44@cbs.co.kr저작권자 © CBS 노컷뉴스 무단전재 및 재배포 금지
"'새만금 해수유통' 공약화 하라"…환경단체 예비후보에 촉구	https://news.naver.com/main/read.nhn?mode=LSD&mid=sec&sid1=001&oid=079&aid=0003336997	해수유통 여론조사 결과 찬성 65%, 반대 23%"'새만금 해수유통' 미온적 후보 심판 할 것"[전북CBS 송승민 기자]2020새만금해수유통전북행동이 17일 기자회견을 열고 각 정당과 예비후보에게 '새만금 해수유통'의 공약화를 촉구했다. (사진=송승민 기자)전북지역 환경단체들이 각 정당과 21대 총선 예비후보에게 "새만금 해수유통을 21대 총선의 공약으로 선정하라"고 촉구했다.'2020새만금해수유통전북행동'은 17일 기자회견을 열고 "여론조사에서 해수유통 찬성이 과반으로 나왔다며 21대 총선에서 각 정당과 후보자들이 해수유통을 공약화해야 한다"고 주장했다.환경단체는 지난 11일 실시한 '새만금 해수유통 찬반' 여론조사에서 찬성이 65%, 반대가 23%가 나왔다고 밝혔다.지난달 김종회 국회의원실에서 실시한 '새만금 해수유통' 여론조사에서도 김제시민 73%가 찬성하고, 부안군민 78.5%가 찬성한 것으로 알려졌다.환경단체는 "전북도민 대다수가 이번 여론조사에서 새만금 해수유통에 찬성하는 것으로 확인됐다"며 "도민은 담수화를 통한 새만금호 수질개선이 불가능하다는 것을 인식하고 있다"고 주장했다.이어 환경단체는 "전북도민과 새만금 사업의 성공을 위해 국회의원 후보라면 새만금 해수유통을 찬성하고 이번 총선에 공약화하는 것이 마땅하다"고 강조했다.그러면서 환경단체는 "전북도민과 시민사회 단체가 '새만금 해수유통'을 반대하거나 미온적인 후보를 심판할 것이다"고 예비후보들에게 경고했다.한편, 2020새만금해수유통전북행동은 지난 11일 군산시민 500명을 대상으로 유선전화(RDD)를 통해 자동응답방식(ARS)으로 실시했다. 여론조사는 이너텍시스템즈, 분석은 한국사회정치여론연구소에서 실시했다.▶ 확 달라진 노컷뉴스▶ 클릭 한 번이면 노컷뉴스 구독!▶ 보다 나은 세상, 노컷브이와 함께smsong@cbs.co.kr저작권자 © CBS 노컷뉴스 무단전재 및 재배포 금지
한샘, 아동복지시설에 ‘코로나19’ 방역 지원	https://news.naver.com/main/read.nhn?mode=LSD&mid=sec&sid1=001&oid=014&aid=0004391271	[파이낸셜뉴스]한샘홈케어 전문가가 수원 홀트아동복지회 놀이시설에 대해 방역을 진행하고 있다.“아동들이 많은 시설이고 하루에 외부인 100여명 이상이 드나드는 곳이라 방역에 신경이 많이 쓰였습니다. 하지만 비용 문제로 고민이 많았는데, 방역을 해준다고 했을 때 너무 기뻤습니다. (수원‘고운뜰’ (사)홀트아동복지회)김정숙 원장)코로나19확산 방지를 위한 전국민적인 노력이 펼쳐지고 있는 가운데, 종합 홈 인테리어 전문기업 한샘이 아동복지 공동주거시설의 방역지원에 나섰다.한샘은 17일 자사 홈케어 사업의 전문 인력과 ‘방역살균케어’ 서비스를 통해 체계적인 방역소독을 지원한다고 밝혔다. 한새은 지난13일 수원‘고운뜰’ (사)홀트아동복지회을 시작으로 아동복지시설인‘홀트아동복지회’와‘동방사회복지회’등 총17군데의 복지 시설에 주1회 지원할 계획이다.한샘 홈케어‘방역살균케어’는 전문 교육과정을 이수한 방역 케어 전문가가 직접 현장에 방문해 배수구, 환기구를 포함한 구역 내 모든 집기와 시설물 등 공간 전체에 방역 살균을 진행한다.한샘 관계자는 “한샘은 코로나19로 어려움을 겪는 시민들을 위해 다방면으로 지원을 아끼지 않고 있다”며 “모두가 어려운 지금 상황에 기업의 사회적 책임을 다해 손길이 닿지 않는 곳까지 관심을 갖고 함께 이겨낼 수 있도록 최선을 다하겠다”고 말했다.kjw@fnnews.com 강재웅 기자▶ 헉! 소리나는 스!토리 뉴스 [헉스]▶ '아는 척'하고 싶은 당신을 위한 [두유노우]※ 저작권자 ⓒ 파이낸셜뉴스. 무단 전재-재배포 금지
경기도, 주말예배 제한 행정명령	https://news.naver.com/main/read.nhn?mode=LSD&mid=sec&sid1=001&oid=002&aid=0002126631	"종교계의 양해와 협조 부탁한다"[이명선 기자]경기도가 오는 29일 주일예배 제한을 명령했다. 도가 코로나19 확산 방지를 위해 종교시설에 내린 첫 번째 행정명령으로, '사실상의 집회금지'에 해당한다.김희겸 경기도 행정1부지사는 17일 경기도청에서 기자회견을 열고, "종교계에 자발적 집회자제와 감염예방수칙 준수를 요청했지만 종교집회를 통한 감염병이 지속적으로 확산됐다"면서 "도민의 생명과 안전을 보호하기 위해 부득이 미준수 교회에 밀접집회 제한 행정명령을 발동한다"고 밝혔다.이번 조치를 지난 주말 성남 은혜의강 교회 등 교회를 중심으로 집담감염이 발생한 데 따른 것이다. 17일 0시 기준 도내 확진자수는 265명이며, 이중 종교집회를 통해 발생한 확진자는 총 71명으로 수원생명샘 교회 10명, 부천 생명수 교회 15명, 성남 은혜의 강 교회 46명 등 교회 예배를 통한 집단감염이 증가하는 추세다.밀접집회 제한 행정명령은 △교회 입장 전 발열, 기침, 인후염 등 증상유무 체크 △교회 입장 시 마스크 착용 △교회 내 손소독제 비치 활용 △예배 시 신도 간 이격거리 유지 △예배 전․후 교회 소독 실시 등 기존 감염예방수칙 5가지에 △집회예배 시 식사제공 금지 △집회예배 참석자 명단 작성을 추가해 총 7가지로 이를 지키지 않을 경우 집회가 전면 금지된다.이를 위반할 시 '감염병의 예방 및 관리에 관한 법률' 제80조 제7호에 따라 300만 원 이하의 벌금을 부과할 방침이다. 아울러 밀접집회 제한명령을 위반하고 종교집회를 개최해 확진자가 발생하는 경우 감염원에 대한 방역비와 감염자 치료비 등 제반 비용에 대한 구상권이 청구될 수 있다.김 부지사는 "이번 밀접집회 제한 행정명령은 감염병으로부터 도민의 생명과 안전을 보호하기 위한 불가피한 조치"라며 "코로나19 위기극복을 위해 종교계의 양해와 협조를 부탁드린다"고 당부했다.이명선 기자 (overview@pressian.com)▶프레시안 CMS 정기후원▶네이버 프레시안 채널 구독▶프레시안 기사제보Copyrightsⓒ PRESSian.com 무단전재 및 재배포금지
포스코건설, 업계 최초 공사계약 ‘최저가 낙찰제’ 폐지	https://news.naver.com/main/read.nhn?mode=LSD&mid=sec&sid1=001&oid=018&aid=0004599108	협력사, 적정이윤 확보로 장기발전 기반 마련[이데일리 강신우 기자] 포스코건설이 중소기업간의 출혈경쟁을 초래해 온 ‘최저가 낙찰제’를 국내 건설사 최초로 폐지했다고 17일 밝혔다.최저가 낙찰제는 중소기업들의 저가 수주 경쟁을 유발해 수익성 악화의 원인 중 하나로 지목돼 왔다. 특히 감당할 수 없는 저가로 수주할 경우에는 수익성을 맞추기 위해 공사를 무리하게 감행하면서 시공 품질이 저하되고 안전재해 발생 가능성도 커 해당 중소기업은 물론 원청사까지 위험부담이 돼 왔다.이에따라 포스코건설은 공사계약에서 중소기업이 합리적인 수익을 확보할 수 있도록 ‘최저가 낙찰제’를 폐지하는 대신 ‘저가제한 기준금액’을 설정해 이보다 낮게 제시한 입찰자를 배제하는 ‘저가제한 낙찰제’를 도입하기로 했다.저가제한 기준금액은 발주예산 내에서 최저가를 제외한 입찰금액 평균과 발주예산을 합산한 평균가의 80%로 산정했다.포스코건설은 최저가 낙찰제 폐지로 상당한 추가비용 부담이 있을 것으로 전망되지만 무리한 저가낙찰로 발생할 수 있는 공사품질 저하, 안전사고 등 기회비용을 고려하면 오히려 긍정적인 효과가 더 크다고 판단했다.특히 공사에 참여하는 중소기업들이 재무적 안정성을 기반으로 고용안정과 기술개발, 안전시설 투자 등을 활발하게 추진한다면 기업시민 차원의 포스코그룹 경영이념에 걸맞게 산업 생태계 전반의 경쟁력을 높이는 계기가 될 것으로 기대하고 있다.포스코건설과 지난 15년간 거래를 맺어온 김앤드이 이준희 대표는 “저가제한 낙찰제 덕분에 앞으로 많은 중소기업들이 무리한 경쟁을 피하고, 적정 이윤을 낼 수 있는 기반이 마련되었다”며 “저가제한 낙찰제와 같은 상생협력 제도가 많은 기업에서 마련되길 바란다”고 말했다.한편 포스코건설은 지난 2011년부터 대출금리를 1% 가량 우대받을 수 있도록 상생협력 편드를 운영해 중소기업의 기술개발 투자와 재무건전성 향상에 힘을 보태 오고 있다.또 지난해 3월부터는 국내 건설업계 처음으로 담보력이 부족해 시중은행에서 자금조달이 어려운 중소기업들을 위해 ‘더불어 상생대출’지원 프로그램도 운영하며 중소기업들로부터 큰 호응을 받고 있다.강신우 (yeswhy@edaily.co.kr)벤츠 시승하고 차량용 무선충전기 받기▶네이버에서 ‘이데일리’ 구독하기▶|청춘뉘우스~ 스냅타임▶＜ⓒ종합 경제정보 미디어 이데일리 - 무단전재 & 재배포 금지＞
'바이넥스' 10% 이상 상승, 주가 5일 이평선 상회, 단기·중기 이평선 역배열	https://news.naver.com/main/read.nhn?mode=LSD&mid=sec&sid1=001&oid=015&aid=0004307766	◆ 차트 분석- 주가 5일 이평선 상회, 단기·중기 이평선 역배열이 시간 차트의 흐름은 단기와 중기 모두 역배열 구간에서 하락 추세를 이어오다가 반등하는 모습이다.이 종목의 차트에서 최근에 단기급락 후 5MA 상향돌파, 주가 5MA 상향돌파, 최근 5일 매물대 돌파 등을 확인할 수 있다[그래프]바이넥스 차트 분석◆ 기업개요바이넥스는 의약품 전문기업으로 알려져 있다.한경로보뉴스이 기사는 한국경제신문과 금융 AI 전문기업 씽크풀이 공동 개발한 기사 자동생성 알고리즘에 의해 실시간으로 작성된 것입니다.▶네이버에서 한국경제 뉴스를 받아보세요▶한경닷컴 바로가기▶모바일한경 구독신청ⓒ 한국경제 &hankyung.com, 무단전재 및 재배포 금지
[그래픽]코로나19 한국발 입국금지·제한 국가 150곳	https://news.naver.com/main/read.nhn?mode=LSD&mid=sec&sid1=001&oid=003&aid=0009761025	[서울=뉴시스]외교부에 따르면 17일 오전 9시 기준 한국 출발 여행객에게 입국 금지 조치를 내리거나 입국 절차를 강화한 국가·지역은 총 150곳으로 집계됐다. (그래픽=전진우 기자)618tue@newsis.com[사진 영상 제보받습니다]공감언론 뉴시스가 독자 여러분의 소중한 제보를 기다립니다. 뉴스 가치나 화제성이 있다고 판단되는 사진 또는 영상을 뉴시스 사진영상부(n-photo@newsis.com, 02-721-7470)로 보내주시면 적극 반영하겠습니다.<ⓒ 공감언론 뉴시스통신사. 무단전재-재배포 금지>
가격변동성 300%뛴 금이 안전자산?…현금만이 답	https://news.naver.com/main/read.nhn?mode=LSD&mid=sec&sid1=001&oid=008&aid=0004377403	[머니투데이 김수현 기자] [안전자산인 금값마저 석달만에 1500선 무너져…극단적 장 흐름에 투자자들 현금 찾는 중]'코로나19' 공포가 전세계 증시를 덮치면서 금융시장 불안감이 커지자 안전자산으로 인식돼 온 금값마저 흔들리고 있다.16일(현지시간) CNBC 등에 따르면 이날 뉴욕상품거래소(COMEX)에서 금값은 장중 온스당 1456.8달러까지 떨어졌다. 금값이 1500달러 이하로 떨어진 것은 지난해 11월27일 이후 처음이다.'코로나19' 확산으로 세계 주식시장 폭락세가 시작됐던 지난 9일, 금값은 온스당 1703달러의 고점을 찍었다. 하지만 이날 금값은 200일 평균이동선인 1497.4달러 아래로 떨어지면서 추가 하락 가능성도 높아졌다.불안한 금융시장에서 통상적으로 금 가격은 상승한다. 하지만 극단적인 장의 흐름에 투자자들이 안전자산마저 내던지고 현금을 찾고 있는 것으로 분석된다.스티븐 갈로 BMO캐피털마켓의 유럽 FX전략 책임자는 "지난주에는 실물현금쪽으로 수요가 이동하면서 달러가 수혜를 보고 귀금속 가격이 타격을 입었다"면서 "이번주 초에도 이러한 역동성이 지속되고 있는 것으로 보이며 이와 같은 흐름이 사그라들 조짐이 거의 없다"고 전했다.금거래업체 불리온볼트의 애드리안 애쉬 리서치 본부장도 "시장이 현금으로 몰려가고 있으며 단기적으로는 가격 하락세가 더욱 가속화할 것으로 보인다"면서 "많은 투자자들이 최근 몇 달동안 금값의 급등으로 얻은 이익을 실현하기 위해 매도하고 있다"고 전했다. 그는 "지금 우리가 보고 있는 것은 2008년 금융위기 시절 금을 안식처로 봤던 투자자들을 충격에 빠뜨린 일과 매우 유사한 패턴"이라고 분석했다.하지만 애쉬 본부장은 장기적 가치자산으로서 금에 대한 수요가 여전히 높다는 점을 설명했다. 그는 "지난주 금의 가격 변동성은 이전 52주 평균보다 300% 이상 증가했다"면서 "이 말은 다른 쪽에서는 강한 금 수요가 또 있다는 것"이라고 설명했다.김수현 기자 theksh01@mt.co.kr▶줄리아 투자노트▶조 변호사의 가정상담소▶머니투데이 구독하기<저작권자 ⓒ '돈이 보이는 리얼타임 뉴스' 머니투데이, 무단전재 및 재배포 금지>
[그래픽]작년 여성 고위공무원 7.9%	https://news.naver.com/main/read.nhn?mode=LSD&mid=sec&sid1=001&oid=003&aid=0009761024	[서울=뉴시스] 17일 여성가족부가 보고한 '공공부문 여성대표성 제고 계획' 중간점검 결과에 따르면 지난해 정부부처의 고위공무원 중 여성은 7.9%로 나타났다. 여성이 단 한 명도 없는 중앙부처, 청은 8개다. (그래픽=전진우 기자)618tue@newsis.com[사진 영상 제보받습니다]공감언론 뉴시스가 독자 여러분의 소중한 제보를 기다립니다. 뉴스 가치나 화제성이 있다고 판단되는 사진 또는 영상을 뉴시스 사진영상부(n-photo@newsis.com, 02-721-7470)로 보내주시면 적극 반영하겠습니다.<ⓒ 공감언론 뉴시스통신사. 무단전재-재배포 금지>
'사람이 좋다' 이동국, 스물세 번째 시즌맞이… 끝나지 않은 슈팅	https://news.naver.com/main/read.nhn?mode=LSD&mid=sec&sid1=001&oid=408&aid=0000088815	현역 최고령 축구선수 이동국이 그의 일상을 전한다.17일 방송되는 MBC 휴먼다큐 '사람이 좋다'에서는 축구선수 이동국이 출연한다.1998년 프랑스 월드컵, 대한민국에 새로운 월드컵 스타가 탄생했다. 앳된 얼굴로 긴 머리를 휘날리며 그라운드를 누비던 19살 '최연소 국가대표' 이동국 이었다. 그 후 20여 년이 흘러 그는 이제 불혹을 훌쩍 넘긴 42세의 '최고령 축구선수'로 활약하고 있다.'전북 현대 모터스' 소속인 이동국은 훈련이 없는 주말마다 왕복 5시간의 거리를 달려 아이 들을 보러 간다. 관찰 예능 프로그램에 출연하며 전 국민의 사랑을 독차지했던 이동국의 다섯 아이들은 어느새 훌쩍 자랐다. 그라운드에서는 카리스마 넘치는 이동국이지만 아이들 앞에서는 무장해제되어버리는 영락없는 '아이 바보' 아빠다.특히 이동국의 둘째 딸 재아는 7살 때 테니스를 처음 시작해 지금은 '테니스 유망주'로 등극했다. 이제는 훌쩍 자라 스포츠 선수로서의 미래에 대해 이야기하는 부녀는 서로에게 가장 좋은 동료이자, 든든한 지원군이다. 종목은 다르지만 '운동선수'라는 같은 길을 걷는 모녀의 이야기를 전한다.2020년, 이동국은 올해 자신의 등 번호 '20번'과 같은 새해를 맞이했다. 그가 축구 선수로 맞는 스물세 번째 시즌이 열리는 해이기도 하다. 이동국은 '경기력이 떨어지면 시즌 중에도 언제든 축구화를 벗고 그라운드를 떠날 것'이라고 은퇴에 대한 소회를 밝혔다. 체력이 허락하는 한 관중들에게 오래 좋은 경기를 선물하고 싶다는 이동국의 '끝나지 않은 시즌', 그 시작을 '사람이 좋다'에서 함께 한다.한편, MBC 휴먼다큐 '사람이 좋다'는 매주 화요일 오후 8시 55분에 방송된다.iMBC 차혜미 | 사진제공=MBC▶ 내 아이돌의 BEST PICK▶ iMBC연예의 독점기사 보러가기
코스피 4% 급락 개장…원·달러 환율 장중 1240원 돌파	https://news.naver.com/main/read.nhn?mode=LSD&mid=sec&sid1=001&oid=374&aid=0000207414	동영상 뉴스[앵커]간밤 미국증시가 또다시 폭락했습니다.금융시장이 크게 요동치고 있는 가운데 정부는 긴급회의 열어 대책 마련에 분주하게 움직이고 있습니다.현재 시장 상황과 정부 움직임, 그리고 전반적인 코로나19 상황 짚어보겠습니다.세계 각국이 파격적인 금리인하와 양적완화에 나섰지만, 어제(16일)에 이어 이틀째 주식시장이 급락하고 있습니다.코스피는 4% 폭락한 1640으로 출발했고, 환율은 크게 치솟았는데요.장가희 기자, 우선 우리 주식시장 상황부터 전해주시죠.[기자]코스피는 어제보다 4.32% 내린 1640.84에 출발했습니다. 개장하자마자 1650선이 무너진건데요.장중 한 때 1637.88까지 떨어지기도 했습니다.현재는 낙폭을 줄이면서 1666.73을 나타내고 있습니다.코스닥도 3.27% 급락한 488.02에 장을 시작했는데요.현재 회복세를 보이면서 502.18까지 올라왔습니다.앞서 큰 폭의 금리 인하에도 불구하고 코로나19 확산에 따른 경기 침체 공포가 시장을 짓누르면서, 우리 역시 안정을 찾지 못하는 모습입니다.[앵커]환율 움직임도 알아보죠.외환시장 상황은 어떤가요?[기자]현재시각 기준 원·달러 환율은 1달러에 1천239원40전입니다.환율은 어제보다 5원 오른 1천231원에 장을 시작한뒤 급격히 상승 폭을 키웠는데요.장 초반에는 1240원까지 치솟았습니다.장중 기준으로 환율이 1240원대까지 오른 것은 지난 2016년 2월 이후 처음입니다.안전 자산인 금값은 하락세입니다.현재 KRX 금시장에서 1㎏짜리 금 현물의 1g당 가격은 전 거래일보다 2.33% 내린 5만9천347원에 거래되고 습니다.SBSCNBC 장가희입니다.장가희 기자(gani@sbs.co.kr)▶ 아침을 여는 뉴스 모닝벨 [#오늘의키워드]▶ 경제를 실험한다~ 머니랩 [네이버TV]저작권자 SBS미디어넷 & SBS I&M 무단전재-재배포 금지
<포토> 코로나19 대응 헌혈 동참하는 김병지 KFA 기술위원	https://news.naver.com/main/read.nhn?mode=LSD&mid=sec&sid1=001&oid=119&aid=0002389501	김병지 대한축구협회(KFA) 기술위원이 17일 오전 서울 종로구 축구회관 앞 대한적십자 헌혈버스에서 코로나19로 헌혈이 급감하자 단체헌혈에 나서고 있다.ⓒ데일리안 홍금표 기자데일리안 홍금표 기자 (goldpyo@dailian.co.kr)ⓒ (주)데일리안 - 무단전재, 변형, 무단배포 금지
<포토> 혈압 측정하는 홍명보 KFA 전무이사	https://news.naver.com/main/read.nhn?mode=LSD&mid=sec&sid1=001&oid=119&aid=0002389500	홍명보 대한축구협회(KFA) 전무이사가 17일 오전 서울 종로구 축구회관 앞 대한적십자 헌혈버스에서 코로나19로 헌혈이 급감하자 단체헌혈에 나서며 혈압을 측정하고 있다. 한편 홍 전무이사는 최근 해외여행 이력이 있어 헌혈에 동참하지 못했다.ⓒ데일리안 홍금표 기자데일리안 홍금표 기자 (goldpyo@dailian.co.kr)ⓒ (주)데일리안 - 무단전재, 변형, 무단배포 금지
게임빌 ‘피싱마스터’, 8주년 맞아 신규 물고기-낚시터 추가	https://news.naver.com/main/read.nhn?mode=LSD&mid=sec&sid1=001&oid=109&aid=0004180681	게임빌 제공.[OSEN=임재형 기자] 게임빌의 장수 IP(지식재산권) ‘피싱마스터’가 출시 8주년을 맞아 신규 콘텐츠를 추가했다.17일 게임빌은 스테디셀러 ‘피싱마스터’에 8주년 기념한 다양한 콘텐츠를 업데이트했다. 지난 2012년 3월 출시한 ‘피싱마스터’는 전세계 누적 3000만 다운로드를 달성한 장수 모바일 게임이다. 캐스팅, 챔질, 릴링 등을 모바일 환경에 맞게 현실적으로 구현해 글로벌 시장에서 롱런 중이다.먼저 게임빌은 시즈널 물고기와 이벤트 낚시터 등 새로운 콘텐츠를 추가했다. 이용자는 새로운 이벤트 낚시터인 ‘크림 폭포’에서 케이크로 분장한 ‘톱상어’ ‘무당씬뱅이’ ‘픽터스캣’을 만나볼 수 있다.신규 보스 ‘문비스트’는 오는 23일까지 매일 오후 8시에 등장한다. 오는 24일부터 30일까지는 다른 신규 보스인 ‘크툴루’가 같은 시간에 등장할 예정이다. 20일부터는 스팀펑크 스타일의 ‘고문관’과 ‘교단 성녀’ 코스튬을 새롭게 만나볼 수 있으며, ‘스킬 치명타’가 장착된 신규 릴 ‘오브 기어 릴’도 오는 26일부터 선보일 계획이다. /lisco@osen.co.kr
대구대, 초기창업패키지 주관기관 선정	https://news.naver.com/main/read.nhn?mode=LSD&mid=sec&sid1=001&oid=079&aid=0003336995	[대구CBS 이규현 기자]대구대 창업동아리 학생 창업 아이디어 발표 장면대구대가 중소벤처기업부와 창업진흥원이 공모한 ‘초기창업패키지’ 사업에 2년 연속 주관기관에 선정됐다.대구대는 예비창업패키지와 초기창업패키지, 창업도약패키지 등 중소벤처기업부의 주요 창업지원 사업을 모두 유치하는 성과를 거뒀다.이로써 대구·경북지역을 거점으로 성장단계별(STEP)로 창업 전주기를 맞춤형으로 지원하는 창업 생태계를 구축, 운영할 수 있게 됐다.초기창업패키지 사업은 창업 인프라가 우수한 대학, 공공 및 민간기관 등을 통해 3년 이내의 초기 창업기업의 사업 안정화와 성장을 지원하는 사업이다.대구대는 이번 선정에 따라 2020년부터 2022년까지 3년간 총 72.6억 원의 정부 및 지자체 지원금을 받아 초기 창업기업을 선발해 자금을 지원하고, 창업 특화 프로그램을 운영한다.대구대는 앞으로 3년간 기술창업 위주의 창업 아이템 사업화, 프리팁스(pre-TIPS) 및 팁스(TIPS) 발굴, 매출 500억 원 이상의 미니 유니콘 기업 육성에 나선다.이를 위해 창업지원 프로그램 우수 졸업자, 실습형 창업동아리 및 교원창업자, 투자펀드 추천 창업자 등으로 구성된 창업 인재풀(창업FARM)을 구축한다.또한 창업 아이템 보호 및 지적재산권 기반의 기술창업을 지원하기 위해 DU-TR(Technical Roadmap), DU-IP(Intellectual Property) 프로그램을 운영한다.이와 함께 초기 창업자들의 애로사항을 지원하는 창업 전문가 그룹(DU-엑셀러레이터즈)과 멘토와 창업자, 지도교수, 전담직원이 팀을 이루는 창업셀(Cell)을 구축한다.이외에도 대구대학교기술지주회사의 직접 투자와 엔젤투자조합펀드 운영, 모태펀드 출자 후 운영 등을 통해 초기 창업기업들이 겪는 재정적 어려움 해결에 나선다.권순재 대구대 창업지원단장은 “이번 사업을 통해 기술창업 비율을 100%까지 확대하고자 한다”면서 “대구대가 명실공히 기술창업의 거점으로 거듭날 수 있도록 최선의 노력을 다하겠다”고 말했다.▶ 확 달라진 노컷뉴스▶ 클릭 한 번이면 노컷뉴스 구독!▶ 보다 나은 세상, 노컷브이와 함께leekh-cbs@hanmail.net저작권자 © CBS 노컷뉴스 무단전재 및 재배포 금지
유리창·자동차 충돌 참매 2마리 치료 마치고 자연으로	https://news.naver.com/main/read.nhn?mode=LSD&mid=sec&sid1=001&oid=001&aid=0011478022	충남 야생동물구조센터 구조…치료·재활 거쳐 건강 회복구조 당시 참매 모습 [충남도 제공. 재판매 및 DB 금지](홍성=연합뉴스) 양영석 기자 = 충남 야생동물구조센터는 부상에서 회복한 참매 2마리를 자연으로 방사했다고 17일 밝혔다.이날 방사한 참매 2마리는 지난해 9월 천안 서북구 성거읍, 12월 금산 군북면에서 각각 상처를 입은 채 발견됐다.천안 한 농로에서 차량과 충돌해 다친 참매는 발가락 일부 절단 수술 등 치료와 재활을 거쳐 6개월 만에 건강을 회복했다.금산 한 건물 유리창과 부딪쳐 부리가 부러진 참매는 부리 유합술 등 치료를 받았다.구조센터는 방사한 참매에 생체 인식표를 부착해 이동 경로와 생태 특성 등을 파악할 계획이다.참매는 환경부 지정 멸종위기종 2급이자 충남도 상징 새로 지정돼 있다.김찬배 도 기후환경국장은 "많은 새가 인간이 만든 구조물과 충돌해 다치고 목숨을 잃는다"며 "지방자치단체, 정부가 협력해 이 문제를 개선할 필요가 있다"고 말했다.youngs@yna.co.kr▶코로나19 속보는 네이버 연합뉴스에서 [구독 클릭]▶[팩트체크] 코로나19 따뜻해지면 소멸?▶제보하기
광주 민간공원 특혜 의혹 광주시 간부 공무원 보석 '허가'	https://news.naver.com/main/read.nhn?mode=LSD&mid=sec&sid1=001&oid=079&aid=0003336994	'증거 인멸하지 않겠다'는 서약서 제출 조건[광주CBS 조시영 기자](사진=자료 사진)광주 민간공원 특례사업 의혹과 관련해 구속 상태로 재판에 넘겨진 광주시 간부 공무원이 불구속 재판을 요청한 것에 대해 법원이 이를 허가했다.광주지방법원 형사 4 단독 박상현 부장판사는 허위공문서작성 등의 혐의로 구속 기소된 광주시 국장급 공무원 이 모(56)씨의 보석청구를 받아들였다고 17일 밝혔다.재판부는 형사소송법 95조 '필요적 보석' 규정에 따라 이 같이 결정했다.해당 조항에는 피고인이 사형·무기 또는 장기 10년이 넘는 징역이나 금고에 해당하는 죄를 범한 때 등 6가지 경우를 제외하고는 보석을 허가해야 한다고 규정하고 있다.재판부는 다만 법원이 지정하는 일시 장소에 출석할 것과 증거를 인멸하지 않겠다는 서약서를 제출할 것, 사건 관계인과 접촉해 진술을 맞추지 말 것 등 이행 조건을 부여했다.이 씨는 지난 2018년 11월과 12월 민간공원 특례사업 2단계 우선협상대상자 선정 결과를 발표하기도 전에 평가표 등을 외부에 유출한 혐의와 상급자들과 공모해 업체 선정에 관여한 혐의 등으로 기소됐다.▶ 확 달라진 노컷뉴스▶ 클릭 한 번이면 노컷뉴스 구독!▶ 보다 나은 세상, 노컷브이와 함께cla80@naver.com저작권자 © CBS 노컷뉴스 무단전재 및 재배포 금지
광주 코로나19 17번째 확진자 발생	https://news.naver.com/main/read.nhn?mode=LSD&mid=sec&sid1=001&oid=079&aid=0003336993	유럽 방문 자녀에게 감염된듯광주시, 오후에 이동경로 등 공개[광주CBS 권신오 기자]광주에서 17번째 코로나19 확진자가 발생했다.광주시는 북구 문흥동에 사는 59살 여성 A씨가 코로나19 확진 판정을 받았다고 밝혔다.이 여성은 최근 스페인을 다녀온 자녀를 둔 것으로 파악됐으며, 지난 10일 이상 증상이 발현돼 병원 검진 결과 폐렴이 확인돼 코로나19 검사를 받았다.광주시는 이날 오후 브리핑을 통해 정확한 감염 경위와 이동 경로 등을 밝힐 예정이다.▶ 확 달라진 노컷뉴스▶ 클릭 한 번이면 노컷뉴스 구독!▶ 보다 나은 세상, 노컷브이와 함께ppori5@hanmail.net저작권자 © CBS 노컷뉴스 무단전재 및 재배포 금지
정몽규 회장-콜린 벨 여자축구대표팀감독 '팔꿈치 인사'	https://news.naver.com/main/read.nhn?mode=LSD&mid=sec&sid1=001&oid=003&aid=0009761023	[서울=뉴시스] 조수정 기자 = 대한축구협회 정몽규 회장과 콜린 벨 여자축구대표팀 감독이 17일 서울 신문로 대한축구협회 앞 헌혈버스에서 신종 코로나 바이러스 감염증(코로나19)으로 인한 혈액 수급 위기로 단체헌혈에 앞서 바이러스 확산 방지를 위해 팔꿈치 인사를 하고 있다.  2020.03.17.chocrystal@newsis.com[사진 영상 제보받습니다]공감언론 뉴시스가 독자 여러분의 소중한 제보를 기다립니다. 뉴스 가치나 화제성이 있다고 판단되는 사진 또는 영상을 뉴시스 사진영상부(n-photo@newsis.com, 02-721-7470)로 보내주시면 적극 반영하겠습니다.<ⓒ 공감언론 뉴시스통신사. 무단전재-재배포 금지>
정몽규 회장-콜린 벨 여자축구대표팀감독 '팔꿈치 인사'	https://news.naver.com/main/read.nhn?mode=LSD&mid=sec&sid1=001&oid=003&aid=0009761022	[서울=뉴시스] 조수정 기자 = 대한축구협회 정몽규 회장과 콜린 벨 여자축구대표팀 감독이 17일 서울 신문로 대한축구협회 앞 헌혈버스에서 신종 코로나 바이러스 감염증(코로나19)으로 인한 혈액 수급 위기로 단체헌혈에 앞서 바이러스 확산 방지를 위해 팔꿈치 인사를 하고 있다.  2020.03.17.chocrystal@newsis.com[사진 영상 제보받습니다]공감언론 뉴시스가 독자 여러분의 소중한 제보를 기다립니다. 뉴스 가치나 화제성이 있다고 판단되는 사진 또는 영상을 뉴시스 사진영상부(n-photo@newsis.com, 02-721-7470)로 보내주시면 적극 반영하겠습니다.<ⓒ 공감언론 뉴시스통신사. 무단전재-재배포 금지>
정몽규 회장-콜린 벨 여자축구대표팀감독 '팔꿈치 인사'	https://news.naver.com/main/read.nhn?mode=LSD&mid=sec&sid1=001&oid=003&aid=0009761022	[서울=뉴시스] 조수정 기자 = 대한축구협회 정몽규 회장과 콜린 벨 여자축구대표팀 감독이 17일 서울 신문로 대한축구협회 앞 헌혈버스에서 신종 코로나 바이러스 감염증(코로나19)으로 인한 혈액 수급 위기로 단체헌혈에 앞서 바이러스 확산 방지를 위해 팔꿈치 인사를 하고 있다.  2020.03.17.chocrystal@newsis.com[사진 영상 제보받습니다]공감언론 뉴시스가 독자 여러분의 소중한 제보를 기다립니다. 뉴스 가치나 화제성이 있다고 판단되는 사진 또는 영상을 뉴시스 사진영상부(n-photo@newsis.com, 02-721-7470)로 보내주시면 적극 반영하겠습니다.<ⓒ 공감언론 뉴시스통신사. 무단전재-재배포 금지>
국민은행, 대구·경북지역 고객 대상 통신비 지원	https://news.naver.com/main/read.nhn?mode=LSD&mid=sec&sid1=001&oid=030&aid=0002873023	KB국민은행은 코로나19로 어려움을 겪고 있는 대구·경북지역 고객 대상으로 3월부터 5월까지 리브엠(Liiv M) 통신비를 지원한다고 밝혔다.통신비 지원은 요금제와 상관없이 기본료를 면제한다. 지원대상은 유심 배송지 주소지가 대구·경북인 고객이며, 기존 리브엠 가입자뿐만 아니라 4월 30일까지 개통을 완료한 고객 모두가 혜택을 받을 수 있다.문자 메시지를 통해 기존 대구·경북 고객에게 안내되며 리브엠 모바일 웹페이지 메인 팝업에서도 확인할 수 있다.길재식기자 osolgil@etnews.com▶ 네이버 홈에서 [전자신문] 구독하기▶ 전자신문 바로가기[Copyright ⓒ 전자신문 & 전자신문인터넷, 무단전재 및 재배포 금지]
군산 60대 여성 확진…미국 다녀온 국내 첫 코로나19 환자	https://news.naver.com/main/read.nhn?mode=LSD&mid=sec&sid1=001&oid=025&aid=0002984747	남편과 11일간 미국 다녀와14일 입국 이튿날부터 증상보건 당국 "동선 파악 중"송하진 전북도지사(왼쪽 둘째)가 지난 13일 전북 진안군 진안의료원을 찾아 신종 코로나바이러스 감염증(코로나19)에 맞서 고생하는 의료진을 격려하고 있다. 뉴스1전북 군산에서 미국에 다녀온 60대 여성이 신종 코로나바이러스 감염증(코로나19) 양성 판정을 받았다. 미국에 다녀온 첫 코로나19 확진자다.전북도는 17일 "군산에 사는 A씨(62)가 검사 결과 코로나19 확진 판정을 받았다"고 밝혔다. 이로써 전북에서 코로나19 확진자는 8명으로 늘었다. A씨의 주민등록지는 서울 서초구지만, 실제 거주지는 군산시 지곡동인 것으로 확인됐다.보건 당국에 따르면 A씨는 남편과 함께 지난 3일부터 13일까지 미국을 다녀왔다. 지난 14일 오후 4시 인천공항을 통해 입국한 A씨는 오후 6시 인천에서 출발하는 리무진 버스를 타고 오후 9시 30분 군산에 도착, 자택까지 택시를 이용했다. 버스 안에서는 마스크를 쓴 것으로 확인됐다.A씨는 이튿날인 15일 오전부터 기침과 오한·근육통·인후통 증상을 보인 것으로 조사됐다. 이날은 집에 보관 중이던 해열제를 복용했다.A씨는 16일 오전 10시 42분쯤 자가용을 몰고 군산시보건소 선별진료소를 방문해 검사를 받았다. 군산시보건소 측은 A씨 부부에게 검사 결과 통보 시까지 자가격리를 요청했고, 17일 확진됐다.전북도 관계자는 "자가격리 중이던 A씨는 오후 2시쯤 군산의료원 격리병상에 입원할 예정"이라며 "A씨 남편은 현재까지 증상은 없지만, 오전 11시 검사를 진행했다"고 말했다.전북도 현장대응팀은 A씨 부부의 카드 사용 내용과 폐쇄회로TV(CCTV) 등을 분석해 구체적 동선과 접촉자들을 파악하고 있다.군산=김준희 기자 kim.junhee@joongang.co.kr▶마스크 쓰면 코로나 안 걸릴까?▶내 돈 관리는 '그게머니'/중앙일보 가기ⓒ중앙일보(https://joongang.co.kr), 무단 전재 및 재배포 금지
사망 중상해 교통사고 피해자의 현명한 법률적 대처방법은?	https://news.naver.com/main/read.nhn?mode=LSD&mid=sec&sid1=001&oid=016&aid=0001649606	사진: 교통사고 전문 변호사 정경일교통사고에는 언제나 피해자와 가해자가 뒤 따른다. 그 중 교통사고 피해자가 중상해 또는 사망한 경우 그 경중은 더욱 따지기 어렵다. 교통사고가 나면 보통 보험사에 연락해 보험사와의 협의 및 합의에 이르게 된다.이 때, 보험사가 제시하는 금액을 수용하는 방향으로 가닥을 잡았을 시, 법원의 산출금액을 확인하는 것이 필요하다. 하지만 피해자로서는 교통사고로 인해 제대로 된 판단을 하기 어려울 수 있기 때문에 교통사고 전문 변호사의 도움이 필요하게 된다.교통사고 전문 변호사 자격에 대해 알기 위해서는 먼저 전문분야제도에 대해 알 필요성이 있다. 대한변호사협회에서 전문분야를 등록, 관리하여 전문성을 극대화하고 국민의 신뢰를 높이기 위해 도입된 제도가 전문분야제도이다. 이 제도로 인해 2010년, 전문 변호사 등록제도가 도입되었고, 이에 따라 교통사고 전문 변호사도 2012년에 도입되었다.이는 변호사 업무와 관련하여 전문분야를 등록, 관리함으로써 각 업무 분야의 전문성을 극대화하여 변호사들의 직역확대에 기여할 뿐 아니라 변호사의 전문분야에 대한 국민의 신뢰를 높이기 위해서이다. 이와 같은 목적에 따라 교통사고 전문 변호사가 도입되었으며, 현재 많은 사람들이 도움을 받고 있다.교통사고 전문 변호사의 자격 조건은 다음과 같다. 첫 번째로, 교통사고 소송을 3년 이내 30건을 해야 한다. 단순히 숫자로만 보기엔 쉬워 보일 지라도 2016년 기준 변호사 1인당 월 평균 수임 건수는 1.69건밖에 되지 않는다. 게다가 전문분야는 총 60개 이므로 그 중 한 분야인 교통사고 소송만 30건을 하려면 현실적으로 어려움이 따라 상당한 전문성과 시간, 노력이 필요하다. 두 번째로, 14시간에 달하는 교통사고 특별교육을 이수해야 한다. 마지막으로 3년 이상 판사, 검사, 변호사를 포함한 법조계 경력이 있어야 한다. 제일 통과하기 어려운 것은 첫 번째 관문으로, 교통사고 전문분야 등록이 얼마나 까다롭게 이루어 지는 지 알 수 있는 대목이다.교통사고 전문 분야 등록을 마친 변호사는 교통사고 피해자에게 큰 도움이 된다. 교통사고는 보험사의 합의금 산출기준과 법원의 산출기준이 서로 차이가 있기 때문에 잘 알지 못한다면 손해를 보고 합의할 수 있기 때문이다.의뢰인의 입장에서 생각해 본다면, 대한 변호사협회에 정식으로 등록된 전문변호사에게 더욱 신뢰가 갈 것이다. 보다 용이하게 변호사를 찾을 수 있으며, 교통사고 관련 소송은 개인간의 소송이 아닌 대기업인 보험사와의 전쟁이기 때문에 결코 쉽게 생각해서는 안 된다. 과실비율, 소득, 가동기간, 노동능력상실 등의 쟁점이 많기 때문에 꼭 전문변호사가 필요하다. 따라서 경험이 적은 일반 변호사보다는 교통사고 전문 변호사를 선호하는 경향이 크다.교통사고 전문 변호사 정경일은 “사망 중상해 교통사고 피해자의 경우 보험사와 합의 시 반드시 교통사고와 관련된 많은 소송 수행 경험과 신체감정을 전문적으로 해석할 수 있는 교통사고 피해자 전문 변호사를 찾아 합당한 보상금을 받는 것이 교통사고로 인한 1차 피해뿐만 아니라 부당한 합의금으로 인한 또다른 2차 피해를 당하지 않는 길이다.”라고 강조했다.real@heraldcorp.com▶헤럴드 ‘팩트체커’ 진실은 바로 이것▶코로나19 현황보기▶선별진료소 확인- Copyrights ⓒ 헤럴드경제 & heraldbiz.com, 무단 전재 및 재배포 금지 -
“핸드폰으로 5분만에 상표등록 가능”	https://news.naver.com/main/read.nhn?mode=LSD&mid=sec&sid1=001&oid=011&aid=0003710772	모바일 기반 특허·디자인 등록도 개발[서울경제] 복잡했던 상표 출원이 5분 안에 핸드폰으로 가능해진다. 1인 유튜버 등 개인의 상표출원이 늘어나고 있는 데 따른 것이다.17일 특허청은 모바일 기반 전자출원 서비스 ‘특허로’ 서비스를 시작한다고 밝혔다. 특허로는 상표출원부터 통지서 수신, 수수료 납부, 심사처리 상황 조회, 등록증 발급까지 모든 서비스를 모바일로 이용할 수 있는 시스템이다.모바일 상표출원 1호 주인공은 강원도 강릉의 대학생 예비 창업자 김주찬씨다. 김씨는 “렌즈케이스 사업에 쓸 브랜드명칭을 정하고 모바일 상표출원이 가능하단 말을 듣고 직접 출원하게 됐다”고 말했다.모바일 상표 출원 외에도 특허로는 다양한 민원 편의 기능을 향상시켰다. 브라우저 공인인증서, 디지털 원패스 기반 간편 인증 기능을 제공하며 전자서명법이 개정되면 사설 인증서도 사용할 수 있다. 또 출원데이터를 분산 공유하는 블록체인 기반의 출원 중계서버를 구축해 휴일을 포함해 24시간 무중단 출원 접수 서비스를 제공한다.박원주 특허청장은 “우선은 상표 분야에서 모바일 출원을 시작했지만, 조만간 특허ㆍ디자인 등 모든 지식재산권으로 확대하기 위해 시스템을 개발 중”이라면서 “작은 아이디어 하나가 미래를 바꾸는 큰 발명으로 이어지는 경우가 많은데, 아이디어가 떠오르는 즉시 그 현장에서 ‘특허로’에 접속하여 출원이 가능하도록 해서 지식재산의 대중화를 앞당기겠다”고 말했다./박호현기자 greenlight@sedaily.com[서울경제 바로가기]▶ 새로워진 서울경제 모바일을 만나보세요.▶ 네이버 채널에서 '서울경제' 구독해주세요!저작권자 ⓒ 서울경제, 무단 전재 및 재배포 금지
김영록 전남도지사, ‘코로나19’ 다섯 번째 확진자 긴급 발표	https://news.naver.com/main/read.nhn?mode=LSD&mid=sec&sid1=001&oid=005&aid=0001300162	김영록 전남도지사는 17일 전남에서 다섯 번째 ‘코로나19’ 확진자 추가 발생에 따른 긴급 발표를 통해 “개인 위생수칙과 사회적 거리두기 실천에 적극 동참해 줄 것”을 당부했다.김 지사는 이날 오전 도청 브리핑룸에서 가진 긴급 발표를 통해 “화순에서 발생한 다섯 번째 확진자는 광주광역시 13번 확진자의 직장 동료인 63세 남성이다”며 “이번 확진자는 지난 3일 자가격리 후 진담검사 결과 음성판정 받았으나, 매일 모니터링 중 목잠김 증상으로 지난 12일 화순보건소 선별진료소에서 흉부엑스선 검사 결과, 정상 판정 받은바 있다”고 말했다.이어 “이번 확진자는 코로나19 진단검사 의무대상은 아니지만 자가격리 해제 하루 전 16일 의심증상이 발견돼 검사를 실시한 결과, 17일 최종 양성판정을 받아 화순전남대병원 음압병실로 즉시 입원 조치했다”고 밝혔다.이번 확진자는 자가격리 기간 동안 부인, 아들과 일시적으로 분리 거주해 별도 접촉은 없는 것으로 파악됐으며, 도 신속대응팀과 화순군 역학조사반은 심층 역학조사에 들어갔다.김 지사는 “추가 역학조사 결과가 나오는 대로 자세한 이동경로 등을 도민께 즉시 알려 드리겠다”며 “추가 확인된 접촉자도 신속히 격리 조치해 지역사회 감염 차단에 최선을 다하겠다”고 약속했다.김 지사는 특히 “신천지 관련 대규모 신규 확진자 발생은 감소했으나 최근 콜센터·종교집회 등 소규모 집단감염이 지속적으로 발생, 작은 불씨 하나가 큰 사회적 피해를 야기하고 있다”며 “지역사회 감염 차단을 위해 개인 위생수칙과 사회적 거리두기 실천에 모두가 적극 동참해 줄 것”을 당부했다.무안=김영균 기자  ykk222@kmib.co.kr▶ 네이버에서 국민일보를 구독하세요(클릭)▶ 국민일보 홈페이지 바로가기GoodNews paper ⓒ국민일보(www.kmib.co.kr), 무단전재 및 재배포금지
“고령화 시대 대비”···부산시 항노화 산업 육성사업 추진 [부산시]	https://news.naver.com/main/read.nhn?mode=LSD&mid=sec&sid1=001&oid=032&aid=0002998189	부산시와 부산테크노파크는 바이오 항노화 산업 관련 기업을 지원하는 ‘2020 바이오 항노화 산업 육성사업’을 추진한다고 17일 밝혔다.지원대상은 의약품, 의료기기, 헬스케어, 운동 처방, 식품, 화장품, 영양 관리 등 바이오 항노화 관련 제품을 개발·생산하는 기업이다.지원내용은 바이오 항노화 관련 시제품 제작 지원 또는 제품 업그레이드 지원(10건), 디자인·홍보물 지원·국내외 특허 출원등록(20건), 연구개발(R&D) 과제 기획 연구회 지원(5건) 등이다.부산에 사업장(본사, 공장, 연구소, 지사 등)을 둔 기업은 31일까지 부산테크노파크가 주관하는 이 사업에 응모할 수 있다.부산시 관계자는 “고령화 시대를 대비해 의료기기, 의료서비스, 고령 친화 용품, 항노화, 기능성 식품, 화장품 등의 산업을 전략산업으로 선정해 육성 중”이라며 “맞춤형 지원을 더욱 확대하겠다”고 밝혔다.권기정 기자 kwon@kyunghyang.com▶ 장도리 | 그림마당 보기▶ 경향신문 바로가기▶ 경향신문 구독신청하기©경향신문(www.khan.co.kr), 무단전재 및 재배포 금지
'면마스크' 국무회의..文대통령 "총리님, 보이십니까"	https://news.naver.com/main/read.nhn?mode=LSD&mid=sec&sid1=001&oid=008&aid=0004377402	[머니투데이 김성휘  기자] [[the300]][서울=뉴시스]배훈식 기자 = 문재인 대통령이 17일 서울 종로구 정부서울청사에서 열린 국무회의에 참석해 국민의례를 하고 있다. 2020.03.17.  dahora83@newsis.com17일 국무회의 '드레스코드'는 면마스크였다. 문재인 대통령과 국무위원들은 이날 대부분 면마스크를 쓰고 참석했다.오전 10시 회의를 시작하기 전, 정부서울청사 19층 회의실엔 면 마스크를 쓰거나 아예 마스크를 쓰지않고 참석한 청와대 참모들도 보였다. 마스크를 쓰고 입장한 장관들도 대화를 나눌 때는 일부가 마스크를 벗었다.코로나19 사태 초기보다 마스크 사용에 있어선 기준이 완화된 모습이다.그러나 문 대통령 입장 전 "마스크, 시작 전에 다 착용해 주시면 감사하겠다"는 안내가 나왔다. 이에 국무위원 등 참석자들은 일제히 마스크를 썼다. 시중에서도 볼 수 있는 파란색이나 흰색 면마스크가 대부분이다. 부직포 소재 일회용 마스크를 쓰기도 했다.오전 9시57분 문 대통령이 면마스크를 쓰고 입장했다. 문 대통령의 마스크는 노란색으로 다른 참석자들과 달랐다. 문 대통령은 국민의례까지는 마스크를 쓴 채 진행하고 자리에 앉아 모두발언을 할 때는 마스크를 벗었다.정세균 국무총리는 세종청사에서 화상회의로 연결됐다. 문 대통령은 화면을 보며 "세종시 총리님 보이십니까"라는 말로 회의를 시작했다.정 총리는 “예, 잘 보입니다”라고 답했다. 정 총리 면마스크는 흰색이었다. 국무회의는 오전 11시까지 이어졌다.[서울=뉴시스]배훈식 기자 = 문재인 대통령이 17일 서울 종로구 정부서울청사에서 열린 국무회의에 참석해 모두발을 하기 전 마스크를 벗고 있다. 2020.03.17.  dahora83@newsis.com[서울=뉴시스]배훈식 기자 = 17일 서울 종로구 정부서울청사에서 열린 국무회의에 참석한 박영선(왼쪽) 중소벤처기업부 장관과 한상혁 방송통신위원장이 마스크를 쓴 것과 달리 윤도한(오른쪽부터) 국민소통수석과 김현종 국가안보실 2차장, 강기정 정무수석이 맨 얼굴로 회의에 참석하고 있다. 2020.03.17.   dahora83@newsis.com[서울=뉴시스]배훈식 기자 = 17일 서울 종로구 정부서울청사에서 열린 국무회의에 참석한 김현미(왼쪽부터) 국토교통부 장관과 성윤모 산업통상자원부 장관이 대화하는 사이 김오수 법무부 차관과 김용범 기획재정부 제1차관이 마스크를 쓰고 있다. 2020.03.17.   dahora83@newsis.com[세종=뉴시스]강종민 기자 = 정세균 국무총리가 17일 오전 정부세종청사에서 열린 서울-세종 영상 국무회의에서 문재인 대통령의 발언을 듣고 있다. 2020.03.17.   ppkjm@newsis.com김성휘  기자 sunnykim@mt.co.kr▶줄리아 투자노트▶조 변호사의 가정상담소▶머니투데이 구독하기<저작권자 ⓒ '돈이 보이는 리얼타임 뉴스' 머니투데이, 무단전재 및 재배포 금지>
기자회견하는 윤상현	https://news.naver.com/main/read.nhn?mode=LSD&mid=sec&sid1=001&oid=421&aid=0004526689	(서울=뉴스1) 김명섭 기자 = 미래통합당을 탈당한 윤상현 의원이 17일 서울 여의도 국회 정론관에서 공천철회 촉구 기자회견을 하고 있다. 2020.3.17/뉴스1msiron@news1.kr▶ 크립토허브 ▶터닝 포인트 2020 구매!▶ 네이버 메인에서 [뉴스1] 구독하기!© 뉴스1코리아(news1.kr), 무단 전재 및 재배포 금지
윤상현, 공천철회 촉구	https://news.naver.com/main/read.nhn?mode=LSD&mid=sec&sid1=001&oid=421&aid=0004526688	(서울=뉴스1) 김명섭 기자 = 미래통합당을 탈당한 윤상현 의원이 17일 서울 여의도 국회 정론관에서 공천철회 촉구 기자회견을 하고 있다. 2020.3.17/뉴스1msiron@news1.kr▶ 크립토허브 ▶터닝 포인트 2020 구매!▶ 네이버 메인에서 [뉴스1] 구독하기!© 뉴스1코리아(news1.kr), 무단 전재 및 재배포 금지
공천철회 촉구하는 윤상현	https://news.naver.com/main/read.nhn?mode=LSD&mid=sec&sid1=001&oid=421&aid=0004526687	(서울=뉴스1) 김명섭 기자 = 미래통합당을 탈당한 윤상현 의원이 17일 서울 여의도 국회 정론관에서 공천철회 촉구 기자회견을 하고 있다. 2020.3.17/뉴스1msiron@news1.kr▶ 해피펫 ▶ 터닝 포인트 2020 구매!▶ 네이버 메인에서 [뉴스1] 구독하기!© 뉴스1코리아(news1.kr), 무단 전재 및 재배포 금지
전북 27개 시민·사회단체 "새만금 해수유통 공약화하라"	https://news.naver.com/main/read.nhn?mode=LSD&mid=sec&sid1=001&oid=001&aid=0011478020	(전주=연합뉴스) 김동철 기자 = 전북지역 27개 시민·사회단체로 구성된 '2020 새만금 해수유통 전북 행동(이하 새만금 전북 행동)'이 총선 후보들의 새만금 해수유통 공약화를 촉구했다."새만금 해수유통 공약화하라"   (전주=연합뉴스) 김동철 기자 = 전북지역 27개 단체로 구성된 '2020 새만금 해수유통 전북 행동' 회원들이 17일 전북도의회에서 기자회견을 갖고 새만금 해수유통의 총선 공약화를 촉구하고 있다. 2020.3.17새만금 전북 행동 회원들은 17일 전북도의회에서 기자회견을 갖고 "새만금 해수유통은 전북도민의 여론"이라며 "각 정당과 국회의원 후보들은 새만금 해수유통을 총선 공약화하라"고 요구했다.새만금 전북 행동이 지난 11일 여론조사 전문업체인 이너텍시스템즈에 의뢰해 군산시민 500명을 대상으로 조사(95% 신뢰수준에 표본오차 ±4.4%포인트)한 결과, 새만금 해수유통에 대한 긍정 평가는 64.9%로 집계됐다.부정 평가는 23.1%였고 무응답은 12%였다.앞서 국회 김종회 의원(무소속, 김제·부안)은 지난달 여론조사 전문기관인 리서치뷰에 의뢰해 김제시민 1천명과 부안군민 500명을 대상으로 한 '새만금 해수유통' 인식 조사 결과, 김제시민의 73%와 부안군민의 78.5%가 새만금 해수유통에 찬성했다.새만금 전북 행동은 "전북도민의 대다수가 새만금 해수유통에 찬성하는 것으로 확인됐다"며 각 정당과 도내 총선 출마자들에게 새만금 해수유통 공약화를 제안했다.그러면서 "도민의 뜻이 이처럼 분명한데도 만약 총선 후보가 새만금 해수유통에 반대하거나 미온적인 입장을 취한다면 단호하게 심판하겠다"고 경고했다.sollenso@yna.co.kr▶코로나19 속보는 네이버 연합뉴스에서 [구독 클릭]▶[팩트체크] 코로나19 따뜻해지면 소멸?▶제보하기
황교안 "미래한국당 공천, 다시 살펴보라 한 것…잘 해결될 것"	https://news.naver.com/main/read.nhn?mode=LSD&mid=sec&sid1=001&oid=001&aid=0011478019	"한선교와 생각 같이해" 갈등설 일축…"역대 공천 중 가장 혁신적인 공천""유승민은 좋은 자원이라는 마음에 변함 없다…안철수와 통합 계속 노력""종로 선거, 중요한 건 격차 좁히는 추세"…"'우한코로나'에도 선거 연기 안돼"질문에 답하는 황교안 대표(서울=연합뉴스) 최재구 기자 = 서울 종로에 출마하는 미래통합당 황교안 대표가 17일 서울 종로구 선거사무실에서 연합뉴스와 인터뷰 하고 있다. 2020.3.17 jjaeck9@yna.co.kr(서울=연합뉴스) 홍정규 이슬기 기자 = 미래통합당 황교안 총괄 선거대책위원장은 17일 4·15 총선 지역구와 비례대표 공천에 대해 "역대 공천 중 가장 혁신적인 공천이었다"며 "미래한국당 문제도 잘 해결할 것"이라고 밝혔다.통합당 대표이자 당의 서울 종로 후보이기도 한 황 위원장은 이날 종로 선거사무실에서 연합뉴스와 한 인터뷰에서 "(김형오 공천관리위원회는) 지금 되돌아봐도 그 이상 하기 어려울 정도로 혁신적인 공천을 했다"며 이같이 말했다.그는 다만 "전체적으로는 혁신 공천이 이뤄졌는데, 그걸 채우는 과정에서 약간 시비들이 생긴 곳들이 있다"며 "그런 문제가 있는 곳들은 정리하고, 그렇게 정리하는 것이 전체 공천에 대한 국민 평가를 바르게, 좋게 하는 길"이라고 강조했다.황 위원장은 당 지도부가 일부 공천 결과를 뒤집고, 공천에서 배제(컷오프)된 인사들이 반발하는 데 대해선 "공관위와 지도부 간 갈등이 있었다고 생각하지 않는다"며 "공천은 늘 갈등이 있고, 이견이 있고, 특히 안 된 분들 중심으로 많은 항의와 불만도 있는 건데, 그런 것들을 다 극복해서 이기는 공천으로 가는 과정"이라고 말했다.비례대표용 위성정당인 미래한국당의 전날 비례대표 후보 명단에 대해 황 대표 등 통합당 지도부가 문제를 제기한 것과 관련해선 "'잘못된 부분들은 다시 살펴봐야겠다'는 뜻을 얘기한 것"이라고 설명했다. 이어 "잘 해결할 것이다. (한선교 미래한국당 대표와) 생각을 같이하고 있으니까"라며 일각에서 제기되는 한 대표와의 갈등설을 일축했다.무소속 출마를 선언한 홍준표 전 자유한국당(통합당 전신) 대표가 황 위원장의 잠재적 대권경쟁자여서 컷오프를 당했다고 주장한 데 대해선 "경쟁자를 치고 깎아내리는 것은 정말 하책"이라고 반박했다.황 위원장은 새로운보수당을 이끌다가 통합 이후 '잠행' 중인 유승민 의원에 대해 "아주 좋은 자원이라고 여러번 말씀드렸고, 그 마음은 변함없다"고 말했다. 당직자 고용 승계문제 등으로 유 의원을 견제하는 것 아니냐는 질문에는 "유 의원을 견제할 생각이 전혀 없다"고 답변했다.황교안 대표, 연합뉴스와 인터뷰(서울=연합뉴스) 최재구 기자 = 서울 종로에 출마하는 미래통합당 황교안 대표가 17일 서울 종로구 선거사무실에서 연합뉴스와 인터뷰 하고 있다. 2020.3.17 jjaeck9@yna.co.kr그러면서 유 의원이 이번 총선에서 역할을 할 수 있도록 설득하고 있냐는 질문에는 "기회가 있을 때마다 시도와 노력을 하고 있다"고 말했다.국민의당과 미래한국당의 '비례대표 정당 통합'에 대해 황 위원장은 "마지막까지 통합을 위한 노력을 지속할 것"이라며 "(국민의당) 안철수 대표에 대해서도 같은 마음을 갖고 있다"고 했다. 이어 "통합의 방법도 있고, 최악의 경우 연대하는 것도 있겠지만, 가급적으로는 하나로 뭉쳐서 하는 게 좋다"고 강조했다.황 위원장은 종로 선거가 각종 여론조사상 더불어민주당 이낙연 전 총리에 열세라는 지적에 "저는 새로 출발했고, 중요한 건 추세라고 본다. 지지율의 전체적인 추세는 아마 격차가 많이 줄어들고 있을 것"이라고 밝혔다.그는 "그런 관점에서 반드시 이번 총선에서 승리하되, 과반 승리를 하는 것을 목표로 한다. 아직 시간이 많이 남았다. 공천이 늦어서 준비를 못 한 분도 있기 때문에 지금 평가로는 부족하다, 하지만 한 달 뒤로 말하면 이겨낼 수 있다"고 말했다.신종 코로나바이러스(코로나19) 확산 사태에 따른 선거 연기론에는 "(선거가) 연기되면 사실 제가 유리하다. 시작한 지 얼마 안 됐으니, 선거운동 기간이 길어지면 차이가 더 줄어들 수 있을 것"이라면서도 "선거라는 것은 국가의 기본 틀을 출발시키는 것이다. (연기는) 바람직하지 않다"고 선을 그었다.인터뷰하는 황교안 대표(서울=연합뉴스) 최재구 기자 = 서울 종로에 출마하는 미래통합당 황교안 대표가 17일 서울 종로구 선거사무실에서 연합뉴스와 인터뷰 하고 있다. 2020.3.17 jjaeck9@yna.co.krzheng@yna.co.kr▶코로나19 속보는 네이버 연합뉴스에서 [구독 클릭]▶[팩트체크] 코로나19 따뜻해지면 소멸?▶제보하기
일산차병원, 8개 센터·13개 진료과 본격 진료 개시	https://news.naver.com/main/read.nhn?mode=LSD&mid=sec&sid1=001&oid=215&aid=0000856260	[한국경제TV 양재준  성장기업부장]지난 1월 6일 개원한 일산차병원이 모든 센터와 진료과에서 본격적인 진료를 개시했다.일산차병원은 최근 배아생성의료기관 지정과 건강검진센터 오픈, 의료진 확충 등을 통해 모든 진료과 및 센터를 완비하고 본격적인 진료를 시작했다고 17일 밝혔다.지난 2월 말 '생명윤리 및 안전에 관한 법률'에 의거해 보건복지부로부터 배아생성의료기관으로 지정됐다.이에 따라 시험관아기시술을 비롯한 본격적인 난임시술 시행이 가능해지면서 난임부터 출산, 여성암에 이르기까지 모든 진료과에 걸친 여성의 전생애주기 진료 준비를 마쳤다.난임센터는 난자의 활성도를 높이는 '피에조 시스템'을 국내 최초로 도입했고, 임신을 방해하는 기저질환에 대해 모든 진료과 의료진이 모여 최적의 치료방향을 모색하고 적용하는 다학제진료시스템을 적용했다.분만센터는 '365일 24시간 주치의 책임분만제'를 도입, 산모와 태아의 건강상태를 누구보다 정확하게 알고 있는 주치의가 직접 자연분만 혹은 제왕절개수술에 참여해 안전한 출산을 돕는다.소아청소년과는 소아신경과소아심장, 소아호흡기 및 알레르기, 소아감염, 소아내분비, 소아응급 등 소아청소년 질환 관련 8개 분야에 14명의 전문 주치의를 배치했다.여성암 분야의 차별화된 의료서비스를 위해 부인종양센터와 유방센터, 갑상선암센터, 자궁근종센터 등 4대 여성암 특화센터를 운영하고 있다.첨단 방사선 암 치료기인 '바이탈빔'과 4세대 로봇 수술 장비인 '다빈치 Xi 시스템' 등 최신 장비, 14개 여성암 수술실 등 여성암 진단 및 치료를 위한 만반의 준비를 마쳤다.민응기 일산차병원 원장은 "3월부터 전 진료과 세팅이 완료됨에 따라 총 8개 센터, 13개 진료과목을 통한 난임부터 출산, 검진, 여성질환 치료에 이르는 여성의 전생애주기 진료를 본격적으로 시행하게 된다"고 말했다.양재준 성장기업부장 jjyang@wowtv.co.kr▶ 네이버 홈에서 [한국경제TV] 채널 구독하기 [생방송보기]▶ 대한민국 재테크 총집결! - [증권 / 주식상담 / 부동산]ⓒ 한국경제TV, 무단 전재 및 재배포 금지
제187차 원내대책회의-제38차 상임위간사단 연석회의 모두발언	https://news.naver.com/main/read.nhn?mode=LSD&mid=sec&sid1=001&oid=305&aid=0000026226	제187차 원내대책회의-제38차 상임위간사단 연석회의 모두발언□ 일시 : 2020년 3월 17일(화) 오전 9시 30분□ 장소 : 국회 본청 원내대표회의실■ 이인영 원내대표전 세계 경제가 급전직하하고 있다. 미국 중앙은행이 기준 금리를 불과 2주 만에1.5%포인트에서 제로로 낮추고 본격적인 양적 완화에 돌입했다. 한국은행도 어제 기준금리를 0.5%포인트 인하했고 일본, 이스라엘, 호주 등 각국의 중앙은행은 양적완화 정책을 발표했다. 하지만 전 세계 주식시장의 불안은 잦아들지 않고 있다. 미국 증시는 지난 목요일, 33년 만에 최악의 하락을 기록한 이후 다시 4일 만에 주요 지수가 12% 이상 폭락하면서 그 기록을 갈아치웠다. 유럽과 한국의 증시도 연일 급락하고 있다. 실물경제도 매우 취약하여 어제 발표된 중국 통계에 의하면 중국의 산업 생산은 지난 2개월간 13% 하락해서 30년 내 최저치였고 또 소매판매와 투자 모두 20%이상 하락했다. 한국을 포함한 전 세계 경제 역시 1/4분기 마이너스 성장이 거의 확실해 보이는 상황이다. 지금은 재정의 역할이 가장 중요한 시기이다. 전 세계 민간경제가 완전히 얼어붙고 있는 지금은 중앙은행의 적극적인 통화정책과 함께 비상한 재정확대가 불가피한 상황이다. EU는 34조원, 약 250억 유로 규모의 기금을 마련했고 일부 국가에 대해서 재정건전성 기준 예외를 선언하였다. 영국은 45조원, 약 300억 파운드 규모의 추가지출을 배정하였고 미국은 ‘1년간 급여세 전체를 면제하자’는 트럼프 대통령의 주장이 등장했고 ‘모든 미국 성인에게 1인당 1000달러를 주자’는 공화당 롬니 상원의원의 주장 등이 검토되고 있다. 우리 돈으로 수백조원이 드는 사업들이다.미래통합당에게 호소한다. 정부가 제출한 이번 추경은 코로나 사태와 전 세계적 경제하락에 대비하기 위한 최소한의 대비책일 뿐이다. 방역에 나선 의료진의 지원과 한계 상황에 직면한 자영업과 소상공인, 비정규직 구제 등에 아주 절박하게 필요한 예산이다. 그러나 이것조차 선거용 돈풀기라는 야당의 어이없는 주장에 하루도 남지 않는 국회의 시간은 표류하고 있다. 미래통합당은 ‘국민의 삶을 지키기 위해 과감한 추경을 편성한다’는 대원칙에 동참해주길 촉구한다. 지금 결단하지 않으면 많은 국민의 삶이 고통으로 내몰릴 수밖에 없다. 오늘은 추경처리가 가능한 마지막 날이다. 잠시 후 개최 될 여야 원내대표 회동에서 반드시 여야 합의를 이루어야만 한다. 오늘 우리가 추경을 처리하지 못하면 여야는 모두 역사의 죄인이 될 수밖에 없다. 지금 실기하면 국회도 정치도 모두 성난 민심의 쓰나미에 떠내려갈 수밖에 없다는 점을 경고한다.우리 모두 다시 ‘잠시 멈춤’, ‘사회적 거리두기에 나서야 한다. 대부분의 국민들이 참여해 지난 2주 동안 ‘사회적 거리두기’가 진행됐다. 방역당국은 ‘사회적 거리두기’가 급격한 감염 확산을 막는데 크게 기여한 것으로 평가하면서, 2차 ‘사회적 거리두기’를 요청하고 있다. 국민 여러분의 불편이 크시겠지만 4월 초까지 다시 한 번 ‘잠시 멈춤’ ‘사회적 거리두기’에 나서주실 것을 요청 드린다. 이제, 소규모 집단 감염에 대한 철저한 대비가 매우 중요하다. 며칠 새 구로 콜센터에서 132명의 확진자가 발생한데 이어, 성남, 부천, 수원 등의 작은 교회에서 72명의 확진자가 새롭게 발생했다. 정부와 질병당국의 거듭된 자제 요청이 있었지만, 일부 교회들이 예배를 그대로 진행하면서 집단 감염에 노출되고 있는 것으로 보인다. 충분히 예방할 수 있는 일이었다는 점에서 아쉬움이 크다. 저 역시 아주 작은 신앙을 가진 사람이지만 또 그래서 예배의 중요성을 모르는 것은 아니지만 지금은 우리 모두를 지키기 위해 지혜를 발휘할 시기이다. 또 하루하루 생업을 이어가기 위해 일터로 나가야 하고 기업을 운영해야 하는 기업인들의 절박한 현실을 모르는 것은 아니지만 그럼에도 불구하고 우리는 밀집된 사업장에 좀 더 조심하고 그것을 통해서 지금의 위기를 헤쳐 나갈 수 있어야 한다. 그런 점에서 밀집된 사업장의 관계자와 기업인 여러분들의 배려와 적극적인 동참도 요청 드린다. 대한민국이 코로나19로부터 하루라도 빨리 벗어나는 길은 사회 구성원 모두가 ‘사회적 거리두기’, ‘잠시 멈춤’을 실천하는 길이다. 우리 국민 모두의 적극적인 참여를 거듭 요청 드린다.■ 조정식 정책위의장코로나19의 확산세가 진정되는 모양새를 보이고 있다. 그제와 어제, 이틀 연속 신규 확진자가 두 자릿수로 감소한 데 이어 완치환자도 어제 기준으로 1천명을 넘어섰다. 신규 완치환자가 신규 확진자보다 많은 골든크로스가 지난 13일부터 나흘 연속 이어졌다. 대구·경북 지역 확진자 증가도 크게 줄어 든 점도 다행이다. 세계 각국의 정부와 언론들은 우리 국민과 정부의 효과적인 대응에 주목하며 우리나라의 사례를 코로나19에 대처하는 모범적 모델로 평가하고 있다. 국가적 재난을 극복하기 위한 국민 모두의 일치된 힘이 다시 저력을 발휘하고 있는 것이다. 하지만, 더불어민주당과 정부는 코로나19를 퇴치할 때까지 긴장의 끈을 놓지 않고 총력을 기울일 것이다. 특히 지역사회 전파의 진원지가 되고 있는 콜센터, 교회, 요양시설 등 다중이용시설에 대한 철저한 방역과 예방이 절대적으로 필요한 시점이다. 이를 위해 무엇보다 지자체 간의 긴밀한 소통과 공조가 필요하다. 특히 우리 국민의 절반이 살고 있는 수도권의 공동방역체제 구축이 대단히 중요하다는 말씀을 다시 한 번 드린다. 빈틈없는 정보 공유와 유기적인 의료시설 활용 협조에 만전을 기해달라는 당부를 수도권 지자체와 방역 당국에 드린다.코로나19사태가 팬데믹으로 확대된 상황에서 해외로부터 위험요인 유입을 차단하는 것도 매우 중요하다. 이와 관련해 정부는 어제 0시부터 기존 아시아 5개 지역에 이어 유럽에서 입국하는 모든 내·외국인에 대한 특별 입국 절차 시행에 돌입했다. 위험지역 입국자에 대한 효율적 관리와 함께 미국 등 다른 국가들의 상황도 예의주시하면서 필요한 모든 조치를 선제적으로 취해주기 바란다. 아울러 문재인 대통령께서 강조하신 것처럼 이번 사태를 근본적으로 해결하기 위해서는 국제적인 차원의 방역협조가 절실한 만큼 관련 정보의 교류 및 공동백신 개발 등 다양한 노력을 경주해야 할 것이다.국내에서 코로나19가 발생한지 이제 두 달이 되어간다. 방역당국과 의료진의 헌신적인 노력, 무엇보다 국민들의 희생과 노력으로 큰 고비와 여러 어려움을 극복해가고 있지만 재확산을 막기 위해서는 앞으로 1, 2주가 고비될 것이다. 특히 산발적인 집단감염 차단을 위해서는 ‘사회적 거리두기’와 종교 행사 등 다중밀집행사의 자제가 매우 필요하다. 국민 여러분과 관련단체들의 적극적인 협조를 간곡히 요청 드린다.한국은행이 어제 임시 금통위를 열어 기준금리를 0.75%로 전격 인하했다. 또한 유동성을 원활하게 공급하기 위해 채권매입 대상에 은행채를 포함시키는 조치도 같이 단행했다. 한은의 이번 결정은 코로나19에 대한 경제충격이 당초 예상보다 확대될 수 있다는 우려에 대해 통상적인 수준을 뛰어넘는 과감하고 신속한 조치였다고 평가한다.주요 국가들의 중앙은행들도 발 빠르게 움직이고 있다. 미국 연준이 제로금리와 제4차 양적완화 돌입을 선언한데 이어 영국과 일본, 호주 등 주요 국가들 또한 통화 완화 조치를 결정한 바 있다. 개방형 통상경제인 우리나라의 경우, 글로벌경제 여건 변화에 상대적으로 취약하기 때문에 이 들 국가들보다 더욱 비상한 대응이 요청된다. 특히 현시점에는 완화적 통화정책과 과감한 금융시장 안정화 조치, 적극적인 재정정책 등 종합적인 경제정책 조합(Policy Mix)이 필요하다. 이 때문에 추경 예산안이 제 때 민생현장에 투입되는 것이 무엇보다 중요하다. 어제 한은이 단행한 금리 인하 조치의 효과를 극대화하기 위해서라도 추경은 반드시 오늘 중으로 처리되어야 한다. 세계 각 국이 최악의 경제 위기 가능성에 대처하기 위해 가용한 정책 수단을 총동원하고 있다. 국민 경제가 위기에 선 이 상황에서 정부의 정책 대응에 발목을 잡고 민생경제를 낭떠러지로 내모는 추경 지연은 결코 용납될 수 없다. 이번 추경은 코로나19 비상시국에서 국민안정과 민생지원을 위한 현장의 절박한 수요를 반영한 사업이다. 소상공인 자금지원 사업은 현재 자금수요가 10조원 수준으로 폭발적으로 증가하여 즉시 지원하지 않을 경우, 현장에서 심각한 자금 경색이 발생하게 된다. 소상공인 성장지원 사업은 6만여 개 피해점포에 대한 직접 지원 예산으로 한시가 급하다. 긴급복지사업도 코로나19 피해로 생계유지가 힘든 저소득층 위기 가구에 긴급 지원이 필요하다. 저소득층 및 아동소비 쿠폰은 취약계층에 생활을 지원하고 내수 제고와 지역상권 활성화를 도모하기 위한 긴급 예산이다. 첫째도 속도, 둘째도 속도다. 시간이 지체될수록 국민경제의 피해는 눈덩이처럼 불어날 것이다. 추경 예산이 반드시 오늘 중으로 통과될 수 있도록 미래통합당의 협조를 강력히 촉구한다.■ 윤관석 정책위 수석부의장코로나19가 지구촌 안보와 글로벌 경제에 전례 없는 위협이 될 가능성이 갈수록 커지고 있다. 따라서 국제사회는 바이러스에 대한 공동방역 뿐만 아니라 증시폭락 등으로 가시화된 금융위기를 대비하는 데도 적극적으로 공지해야 할 것이다. 국경을 넘어 무차별적으로 확산되는 전염병 사태는 개별 국가의 노력만으로는 극복할 수 없기 때문에, 문재인 대통령이 제안하고 프랑스의 마크롱 대통령이 공감한 G20 특별 화상회의는 매우 시의적절하고 효과적인 방책이라고 생각된다. 이런 국제적인 노력과 함께, 우리당과 문재인 정부는 국내적으로도 재정과 통화의 쌍끌이 정책공조로 이번 코로나 발 경제위기를 반드시 극복해내야 할 것이다. 특히 한 발 앞선 대응으로 선제효과를 내는 데 최선을 다해야 할 것이다.그 첫 발로 오늘 국회에서 처리를 앞둔 추가경정 예산안이 반드시 통과되어야 한다. 야당의 협조를 다시 한 번 강조 드린다. 또한 추경을 포함한 경제 피해 극복 패키지인 32조원이 효율적으로 신속하게 집행될 수 있도록 당에서 정부를 적극 견인해 내겠다.총선이 30여일 앞으로 다가왔다. 하지만 더불어민주당은 코로나 국난극복대책이 더욱 중요하다고 판단해서 현재 모든 당 조직의 체계를 코로나 국난극복대책위로 재편했다. 또한 마스크와 방역·예방지원 등의 대책과 코로나19가 가져오고 있는 민생경제 피해 대책, 소상공인과 자영업자들의 활동 위기에 대한 대책, 그리고 기업에 대한 여러 가지 자금 압박에 대한 대책, 개학이 연기되면서 발생할 수 있는 많은 종사자·관계 종사자들에 대한 대책 마련까지 추경에 닿을 수 있도록 노력하고 있다. 이번 추경은 처리 타이밍이 생명이다. 오늘 반드시 추경이 더 이상 늦춰지지 않고 처리될 수 있도록 야당의 협조를 다시 한 번 강력히 촉구한다. 방역도, 민생도, 경제 활력에도 끝까지 최선을 다 하겠다.■ 홍의락 산자위 간사대구는 상상을 초월한다. 상식적으로 생각할 수 없을 정도가 대구·경북의 상황이다. 사회시스템이 완전히 무너졌다. 이대로 두면 재기 불가능한 상태로 갈 수밖에 없다고 생각한다. 인구 230만 정도 되는 대구에 7,000명의 확진자가 있고, 제 지역구인 북구에 45만 명의 인구 중 800명 정도의 확진자가 있다면 그 불안과 공포는 이루 말할 수가 없다. 수도권에 1,000만 정도의 인구 중 200명 정도의 확진자와 비교할 수 없다는 사실을 잘 알아 주셨으면 좋겠다.이번 추경에 앞서 며칠 전 대통령께서 대구·경북을 특별재난지역으로 선포했다. 이 추경에 특별재난지역 선포한 의미가 반영되어야 된다고 생각한다. 그렇지 않을 경우에 이 시급성을 어떻게 받아들여야 될지를 모르겠다. 한 마디만 말씀드리면 내일 아침에 따뜻한 햇살이 무슨 의미가 있겠는가? 이 새벽의 혹한을 견디지 못한다면. 그리고 따뜻한 봄날의 기운이 무슨 의미가 있겠나. 이 겨울의 혹한을 견디지 못한다면. 이것을 빨리 반영해서 오늘 추경에라도 대구·경북의 일용직 근로자들, 식당 종업원들, 택시 기사들, 노점상들에 대한 대책도 빨리 마련되어야 한다. 다른 곳과 다르다. 그러나 이것이 반영이 안 된다면 이번 추경에서의 여러 가지 대구 시민들이 생각하는 실망감을 이루 말할 수 없을 것이다.특히 한 마디 더 드리면 미래통합당의 그 무성의한 태도도 규탄하지 않을 수가 없다. 그들의 텃밭이라고 할 수 있는 대구·경북에서 이런 심각한 무너질 수밖에 없는 상황임에도 불구하고 예결위원장은 경선을 하러 갔다. 물론 개인적으로 사보임 않았을 것 같지만 경북 출신의 송언석 의원은 사보임을 했다. 그러면 그 당이 대구·경북을 어떻게 생각하는지를 유추해 볼 수 있다. 이렇게 무성의한 태도에 대해서 다시 한 번 경각심을 우리 국민들이 알아줬으면 좋겠다. 분명히 오늘 마지막까지 민주당 지도부가 대구에 직접지원을 할 수 있는 긴급생계비 지원, 소상공인들을 을 직접지원을 할 수 있도록 추경에 반영해주실 것을 간곡하게 부탁드린다.■ 박경미 원내부대표코로나19에 대응한 우리의 드라이브스루 선별검사, 신속한 대규모 진단, GPS를 활용한 역학조사, 투명한 정보공개 등 한국형 방역모델이 세계 각국의 모범사례로 소개되고 있다. 최근 일일 확진자 증가가 둔화되고 있지만, 집단 감염의 우려가 여전한 만큼 더불어민주당과 정부는 확진자 제로가 되는 그 날까지 한 순간도 방심하지 않고 촘촘한 방역 체계를 갖추겠다.지난 10일 서울시 교육청은 개학 연기에 따른 학사일정 변경으로 1학기 중간고사를 과정 중심의 평가, 즉 ‘수행평가로 대체한다’는 지침을 권고했다. 수행평가는 그 교육적 의의에도 불구하고 집필고사에 비해 공정성을 담보하기 어려운 경우가 있다. 특히 고등학생의 경우, 내신 성적이 입시와 직결되기 때문에 수행평가의 중간고사 대체는 적절성이 의문시되고 수시를 준비하는 고3의 부담감은 크게 가중된다. 저는 서울시 교육청의 이번 지침과 관련한 우려를 강력히 전달했고, 해당 권고를 재고하고 대안을 마련하겠다는 약속을 받았다.오늘 2시 교육부가 개학연기와 관련한 브리핑을 한다. 추가의 개학연기 여부를 두고 고민이 크다. 학생 안전이 0순위이지만, 팬데믹 상황에서 언제까지 개학을 연기해야할 지 참으로 난감한 상황이다. 개학 추가 연기에 대해서는 학교급 별, 지역별로 온도차이가 있고, 개학연기로 인한 수업 결손을 토요일 수업으로 보강하자는 의견, 평일수업 연장으로 보강하자는 의견 등 다양한 목소리가 있다. 교육 당국은 관련자들과 함께 테이블 위에 안건을 놓고 진중히 결정해서 학생, 학부모, 교사의 예측 가능성을 높이고 사전 준비를 할 수 있도록 해주시길 바란다.코로나 대책을 위한 추경안이 오늘 국회에서 통과되길 바란다. 추경에 대해 미래통합당은 “역대급 위기상황을 핑계 삼아서 총선용 현금살포에 나서겠다는 속셈”이라고 했다고 한다. 엄중한 상황에 대한 국회의 고민을 정치적 혐오를 불러일으키는 정쟁의 도구로 삼겠다는 것이다. 미래통합당, 약칭 미통당이 ‘국민들과 통하지 않는다’는 의미에서 '미통당'으로 읽힐 수밖에 없는 이유다.묵묵히 최일선에서 헌신하고 계신 의료진 여러분, 공적 마스크 판매로 수고가 큰 약사 여러분, 전국 각지에서 장시간의 일상의 변화를 감내하고 계시는 국민 여러분들께 감사드리면서, 미래통합당에게는 코로나 예산이 적재적소에 쓰일 수 있도록 협조해 주시기를 간곡하게 당부 드린다.■ 임종성 원내부대표코로나19 국난극복을 위한 추경이 아직 국회에 발목이 잡혀있다. 답답한 심정이다. 속도가 생명인 방역이 정쟁에 묶여버린 형국이다. 이런 상황을 자초한 심재철 원내대표는 추경 증액안에 대해 “역대급 위기를 핑계로 국민 모두에게 현금을 살포하겠다는 총선용 포퓰리즘”이라고 했다고 한다. 기가 찬다. 국민을 지키겠다는 증액이다. 서민의 삶을 지키겠다는 증액이다. 그러한 추경을 마치 총선용 선심 쓰기로 해석하며 현금살포로 주장하는 것은 무슨 억지인가?외신보도 내용을 조금 읽어드리겠다. ‘한국 정부의 응급상황에 대한 대응 미숙이 국민들 사이에 공포감뿐만 아니라 정부에 대한 깊은 회의감을 조성하고 있다 <뉴욕타임즈>.’, ‘백신과 치료법이 없는 이 병에 대한 당국의 대응이 너무 느리다<워싱턴포스트>, ‘한국 정부가 사태를 다루는 방식이 우려스럽다 <사우스차이나 모닝포스트>’. 혹시 반가우신가?안타깝지만 읽어드린 이 외신보도는 2015년 메르스 사태 당시 우리 정부를 비판한 외신보도다. 지금은 어떤가? 외신은 물론 각국 정부에서도 드라이브스루를 비롯한 우리 방역시스템을 집중 조명하며 벤치마킹하고 있다. 불과 5년 사이에 방역에 대한 평가가 왜 이렇게 달라졌는지 아시는가? 간단하다. ‘방역을 통해 국민을 구하려했는지’, 아니면 ‘정권을 구하려했는지’의 차이다.지금 생각해도 메르스 사태 당시 박근혜 정부의 대책이 잘 생각나지 않는다. 그나마 생각나는 장면은 확진 17일 만에 공개된 확진자 동선과 병원에 ‘살려야 한다’는 글귀 하나를 붙여놓고 수화기를 붙잡고 있는 박근혜 전 대통령 뿐이다. 반면 우리정부는 총선을 앞둔 상황이라 정치적 부담이 있다는 것을 알면서도 공격적인 검진을 진행했고, 불확실성을 줄여 나갔다. 국내의 정치적 이득보다 앞에 둔 것이다.추경에 발목을 계속해서 잡는 것이 미래통합당에 무슨 이득을 주는지 잘 모르겠다. 하지만 잘 기억하시길 바란다. 그 이득이 무엇이 되었든 미래통합당이 총선용 포퓰리즘이라고 칭하는 그 예산안에 분명 국민이 있다. 지금 미래통합당이 발목잡고 있는 것은 그냥 예산안이 아니라 ‘생계지원 절실한 서민의 발목’, ‘아이를 지키기 위해 고군분투하는 부모의 발목’, ‘위기에 처한 중·소상공인의 발목’, ‘현장에서 고생하는 의료진의 발목’이다. 바로 ‘국민의 발목’이다. 제발 국민의 눈치 좀 보시길 바란다. 국민, 국민이 있기에 대한민국이 있다.2020년 3월 17일더불어민주당 공보국
[사진]입장 밝히는 윤상현	https://news.naver.com/main/read.nhn?mode=LSD&mid=sec&sid1=001&oid=008&aid=0004377401	[머니투데이 홍봉진 기자]미래통합당 출신 무소속 윤상현 예비후보가 17일 오전 서울 여의도 국회 정론관에서 기자회견을 하고 있다.홍봉진 기자 honggga@mt.co.kr▶줄리아 투자노트▶조 변호사의 가정상담소▶머니투데이 구독하기<저작권자 ⓒ '돈이 보이는 리얼타임 뉴스' 머니투데이, 무단전재 및 재배포 금지>
캠코, 콜센터 재택근무 도입…코로나 예방 대책 강화	https://news.naver.com/main/read.nhn?mode=LSD&mid=sec&sid1=001&oid=277&aid=0004644119	[아시아경제 권해영 기자] 한국자산관리공사(캠코)는 신종 코로나바이러스감염증(코로나19) 확산에 따라 고객지원센터 직원들의 집단 감염 위험 예방을 위해 안전대책을 한층 강화한다고 17일 밝혔다.먼저 상담직원을 4개조로 편성해 '1개조 재택근무, 3개조 상담업무 수행 체제'를 운영한다. 사업장 내 밀집도를 낮추기 위해 좌석을 분산 배치해 상담사 간 간격을 1.5m 이상 확보하고 칸막이 높이 65㎝ 이상 조정, 점심시간 시차 운영 등 감염 예방 조치를 강화했다.이와 함께 ▲비상대책본부와 고객지원센터 간 전파체계 확립 ▲주 1회 건물방역 ▲1일 2회 개별 체온측정 및 3회 환기 ▲일반인 사무실 출입통제 및 열화상감지카메라 운용 ▲체온계 및 손소독제 등 예방물품 비치 등을 시행 중이다.캠코는 안전대책 이행과정에서 상담 대기시간 증가 및 통화품질 저하 등 고객불편을 최소화하기 위해 홈페이지 및 ARS를 통해 안내하고 비상상황에도 정상적인 고객 응대가 가능하도록 서비스를 제공할 예정이다.신흥식 캠코 경영본부장은 "민원상담 최일선에서 근무하는 캠코 고객지원센터 상담직원들이 안전한 근무환경에서 일하는 것이야 말로 고객 불편을 최소화하는 길"이라며 "캠코는 상담직원들의 근무여건을 보다 근본적으로 개선하기 위해 상담업무별 근무지 분리, 사무실 확장 등 환경개선도 적극 검토하고 있다"고 밝혔다.권해영 기자 roguehy@asiae.co.kr▶ 소름 쫙! 2020년 내 대운 시기 확인하기▶ 네이버에서 아시아경제 뉴스를 받아보세요▶ 놀 준비 되었다면 드루와!  드링킷!<ⓒ경제를 보는 눈, 세계를 보는 창 아시아경제 무단전재 배포금지>
아파트에 공동육아 나눔터 허용...규제 개선	https://news.naver.com/main/read.nhn?mode=LSD&mid=sec&sid1=001&oid=052&aid=0001415743	앞으로 아파트에 공동 육아 나눔터를 설치할 수 있고, 다중주택 필로티 주차장이 층수 산정에서 제외됩니다.국토교통부는 규제혁신심의위원회를 열어 과도한 행정규제와 불명확한 법과 제도 등을 개선하기로 했습니다.먼저 아파트 등 공동주택에 공동육아 나눔터 설치가 허용되는데, 그동안 자녀 돌봄 품앗이 활동을 위한 육아 나눔터의 수요가 늘었지만, 공동주택 안에 설치 규정이 없어 나눔터 활성화가 어려웠습니다.국토부는 여성가족부가 '아이돌봄 지원법'상 공동 육아 나눔터 설치 기준 등을 구체화하면 단독주택이나 공동주택 용도에 나눔터를 포함할 예정입니다.또 연 면적이 330㎡, 층수가 3층 이하인 다중주택의 경우 1층에 필로티 주차장을 설치하면 주택의 층수에서 주차장을 제외하기로 했습니다.이와 함께 마을 작은도서관 설치 확대를 위해 단독주택 일부를 도서관으로 활용하는 것도 허용하기로 했습니다.백종규 [jongkyu87@ytn.co,kr]▶ 이 시각 코로나19 확진자 현황을 YTN에서 확인하세요.▶ 대한민국 24시간 뉴스 채널 YTN 생방송보기▶ 네이버에서 YTN 뉴스 채널 구독하기[저작권자(c) YTN & YTN PLUS 무단전재 및 재배포 금지]
네오크레마, +1.11% 상승폭 확대	https://news.naver.com/main/read.nhn?mode=LSD&mid=sec&sid1=001&oid=366&aid=0000486943	네오크레마가 상승폭을 확대하고 있다. 전일 대비 1.11% 상승한 4,550원에 거래되고 있다.네오크레마 연관 테마콜마비앤에이치(200130),KT&G(033780),쎌바이오텍(049960),서흥(008490),내츄럴엔도텍(168330), 코스맥스엔비티,광동제약(009290),일동제약(249420),에이치엘사이언스(239610),휴온스(243070),노바렉스(194700),뉴트리(270870),비피도(238200), 네오크레마, 녹십자웰빙, 팜스빌,종근당홀딩스(001630)네오크레마의 최근 1주일간 외국인/기관 매매내역을 살펴보면 외국인은 87,814주를 순매수했으며, 기관은 특별한 동향을 보이지 않았다. 같은 기간 주가는 34.31% 하락했다.[이 기사는 증권플러스(두나무)가 자체 개발한 로봇 기자인 'C-Biz봇'이 실시간으로 작성했습니다.][C-Biz봇][조선비즈 창간 10주년 기획 '남극은 전쟁 중' 기사 보러가기][네이버 메인에서 조선비즈 받아보기][조선비즈 바로가기]chosunbiz.com
서울교육청 '집콕 선거교육'…학생 유권자 교육 온라인 대체	https://news.naver.com/main/read.nhn?mode=LSD&mid=sec&sid1=001&oid=025&aid=0002984746	제21대 국회의원선거를 한 달 앞둔 지난 15일 오후 충북 청주시 오송고등학교 앞에 올해부터 만 18세부터 선거할 수 있다는 현수막이 설치돼 있다. [뉴스1]서울시교육청이 4‧15 총선을 앞두고 학생 유권자를 상대로 실시하려던 선거교육을 온라인으로 대체하기로 했다. 신종 코로나바이러스 감염증(코로나19) 사태로 학교 휴업이 3주 이상 이어지면서 대면 교육이 사실상 불가능해져서다.교육청은 각 학교에 만18세 선거권 확대에 따른 유권자의 권리 등을 알리는 ‘집콕 선거교육’을 실시하라고 17일 안내했다. 선거법 개정으로 올해 총선부터 만18세도 투표가 가능하지만, 이에 대한 교육이 부족해 학생들이 본의 아니게 선거법을 어길 수 있다는 점을 고려했다고 한다.당초 교육청은 중앙선거관리위원회(선관위)와 함께 서울 고교를 찾아 선거법 등을 알릴 계획이었지만, 코로나19로 개학이 미뤄지면서 방향을 바꿨다.전국동시지방선거일인 지난 2018년 6월 13일 오후 서울 종로구 광화문에서 촛불청소년인권범제정연대 회원들이 선거연령 하향과 청소년 참정권 보장을 촉구하는 집회를 열고, 모의투표 부스를 운영하고 있다. [연합뉴스]각 학교는 선거교육 담당 교원을 지정하고 공직선거법 개정 내용과 학생 유권자 가능 행위 등을 담은 가정통신문을 발송해야 한다. 예컨대 선거운동을 할 때 문자메시지는 1회에 20명을 초과하면 안 되지만, 카톡‧유튜브는 가능하다는 내용이다. 선관위에서 제작한 영상을 통해 학생들에게 선거법과 투표방법 등도 알린다.이와 별도로 선거교육 관련 중장기 대책도 마련할 방침이다. 올해 학생들이 후보자 공약을 비교하고 모의투표를 하는 ‘모의선거교육’을 실시할 예정이었지만 선관위가 “선거법 위반이 될 수 있다”고 제동을 걸어 무산됐다.서울시교육청 관계자는 “만18세가 유권자가 된 이상 선거교육은 필수가 됐다”라며 “모의투표를 제외하고 학생들에게 선거의 중요성과 시민의 권리를 알리는 방법을 고민 중”이라고 말했다.전민희 기자 jeon.minhee@joongang.co.kr▶마스크 쓰면 코로나 안 걸릴까?▶내 돈 관리는 '그게머니'/중앙일보 가기ⓒ중앙일보(https://joongang.co.kr), 무단 전재 및 재배포 금지
<포토> 혈압 측정하는 정몽규 KFA 회장	https://news.naver.com/main/read.nhn?mode=LSD&mid=sec&sid1=001&oid=119&aid=0002389499	정몽규 대한축구협회(KFA) 회장이 17일 오전 서울 종로구 축구회관 앞 대한적십자 헌혈버스에서 코로나19로 헌혈이 급감하자 단체헌혈에 나서며 혈압을 측정하고 있다. 한편 홍 전무이사는 최근 해외여행 이력이 있어 헌혈에 동참하지 못했다.ⓒ데일리안 홍금표 기자데일리안 홍금표 기자 (goldpyo@dailian.co.kr)ⓒ (주)데일리안 - 무단전재, 변형, 무단배포 금지
<포토> 전자문진중인 정몽규 KFA 회장	https://news.naver.com/main/read.nhn?mode=LSD&mid=sec&sid1=001&oid=119&aid=0002389498	정몽규 대한축구협회(KFA) 회장이 17일 오전 서울 종로구 축구회관 앞 대한적십자 헌혈버스에서 코로나19로 헌혈이 급감하자 단체헌혈에 나서며 전자문진을 하고 있다.ⓒ데일리안 홍금표 기자데일리안 홍금표 기자 (goldpyo@dailian.co.kr)ⓒ (주)데일리안 - 무단전재, 변형, 무단배포 금지
이광재·송기헌 예비후보, 혁신·기업도시 살리기 원팀 공약	https://news.naver.com/main/read.nhn?mode=LSD&mid=sec&sid1=001&oid=001&aid=0011478018	이광재·송기헌 예비후보, 원팀 공약(원주=연합뉴스) 김영인 기자 = 제21대 총선 원주갑·을 선거구에 출마한 이광재(오른쪽)·송기헌 예비후보가 17일 원주시청 브리핑룸에서 열린 원팀 공동 공약 발표회에서 포즈를 취하고 있다. 2020.3.17 kimyi@yna.co.kr(원주=연합뉴스) 김영인 기자 = 제21대 총선 원주갑·을 선거구에 출마한 더불어민주당 후보들이 '원팀' 공약 발표회를 가졌다.이광재 원주갑 예비후보와 송기헌 원주을 예비후보는 17일 원주시청 브리핑룸에서 '혁신·기업도시가 살아야 원주 미래가 있다'를 주제로 공동 공약 발표를 했다.두 후보는 "원주는 전국 유일하게 혁신·기업도시를 모두 유치했음에도 성과는 당초 기대에 미치지 못하고 있다"며 "원주가 100만 도시로 나아가기 위해 혁신·기업도시 활성화가 필요하다"고 주장했다.송 후보는 "혁신도시 시즌 2가 필요한 시점에 이번 공약 발표는 미래 100년, 활력의 중심 원주로 향하는 이정표가 될 것"이라며 "공공기관과 지역이 상생하는 이상적 혁신도시 구축으로 사람이 모여드는 원주를 만들겠다"고 약속했다.이를 위해 원주혁신특구 추진을 통한 창업·연구도시 조성과 공공기관 맞춤형 지역 인재 채용 및 방과 후 교실 확대, 복합교육테마파크 조성 및 일반고교 신설, 동원주IC 개설과 혁신도시와의 연결 도로 임기 내 추진 등을 공약했다.이 후보는 "혁신·기업도시를 연계해 원주의 교육과 일자리, 의료, 문화, 주거 환경을 서울 수도권 수준으로 끌어올리겠다"고 밝혔다.이를 위해 기업고교 신설과 초·중교 과밀학급 해소, 디지털 헬스케어 선도기업 유치, 국도대체우회도로 흥업∼소초 구간 조기 완공 등 접근성 개선, 맘(MOM) 편한 복합문화체육시설 확충 등을 제시했다.두 후보는 또 혁신도시 공공기관과 지역 대학 간 '계약학과' 제도를 도입하겠다고 강조했다.계약학과는 국가와 지자체 또는 산업체 요구에 따라 대학 내 특별 교육과정을 설치·도입해 맞춤형 인재를 양성하는 학과이다.두 후보는 "일차적으로 지역인재 의무 채용 대상 인원인 650명을 계약학과 제도로 선발하면 공공기관에서 필요 인력을 확보할 수 있고, 지역 대학은 경쟁력 강화를 기대할 수 있다"고 설명했다.kimyi@yna.co.kr▶코로나19 속보는 네이버 연합뉴스에서 [구독 클릭]▶[팩트체크] 코로나19 따뜻해지면 소멸?▶제보하기
울산 북구, 구민 대상 명예의 전당 제막식	https://news.naver.com/main/read.nhn?mode=LSD&mid=sec&sid1=001&oid=098&aid=0002701385	울산 북구는 17일 구청 1층 로비에서 구민 대상 수상자 명예의 전당 제막식을 열었다. 구는 구민 대상 수상자를 대내외에 알리고 수상자에 대한 예우를 위해 구청 1층에 '명예의 전당'을 마련했다.로비 벽면에 마련된 '명예의 전당'은 가로 4ｍ, 세로 3ｍ 규모로 역대 구민 대상 수상자 5명 이름과 수상 분야 등이 기록됐다. 구는 앞으로 매년 구민 대상자가 선정되면 '명예의 전당'에 이름을 올릴 예정이다.이날 행사에는 2017년부터 지난해까지 선정된 역대 구민 대상 수상자 5명도 참석해 제막식의 의미를 더했다.이동권 구청장은 "구청을 찾는 많은 분이 명예의 전당을 보면서 지역을 위해 노력해 주신 분들을 기억해 주셨으면 한다"고 말했다.이어 "앞으로도 지역을 위해 봉사하고 나눔을 실천하는 훌륭한 분들이 많이 배출돼 북구가 더욱 살기 좋은 도시가 되기를 바란다"고 말했다.구는 지난 2017년 구민 대상을 신설했고 제1회 구민 대상 수상자로 김성보(유포장학회 이사장), 이태우(울산 쇠부리 소리 보존회 회장) 씨를 선정했다.2018년에는 권오명(울산시 새마을부녀회장), 박경동(달천철장 쇠부리 공원 추진위원장) 씨가, 2019년에는 최동한(북구체육회 고문) 씨가 구민 대상을 받았다.출처 : 울산북구청 보도자료
경기도, 방역지침위반 교회 137곳 '밀집집회 제한' 행정명령	https://news.naver.com/main/read.nhn?mode=LSD&mid=sec&sid1=001&oid=082&aid=0000989116	17일 오전 경기도 수원시 경기도청 브리핑룸에서 김희겸 경기도 행정1부지사가 '신종 코로나바이러스 감염증(코로나19) 감염예방수칙 미준수 종교시설 밀접집회 제한 행정명령 발동' 관련 기자회견을 하고 있다. 연합뉴스경기도가 지난 주말 코로나19 감염예방수칙을 준수하지 않고 집회예배를 실시한 교회 137곳을 대상으로 오는 29일까지 주일예배 밀접집회 제한 행정명령을 내렸다.17일 오전 경기도 수원시 경기도청 브리핑룸에서 김희겸 경기도 행정1부지사가 '신종 코로나바이러스 감염증(코로나19) 감염예방수칙 미준수 종교시설 밀접집회 제한 행정명령 발동' 관련 기자회견을 가졌다.김희겸 경기도 행정1부지사는“종교계에 자발적 집회자제와 감염예방수칙 준수를 요청했지만 종교집회를 통한 감염병이 지속적으로 확산됐다”면서 “도민의 생명과 안전을 보호하기 위해 부득이 미준수 교회에 밀접집회 제한 행정명령을 발동한다”고 밝혔다.이번 코로나19 상황에서 신천지 예수교회와 확진자가 발생한 시설이 아닌 일반 종교시설에 대해 행정명령을 내린 것은 이번이 처음이다.다만 이번 행정명령은 전체 종교시설이 아니라 경기도가 제시한 방역지침을 이행하지 않은 교회 137곳에 국한됐다는 점에서 제한적인 조치이다.방역지침은 실내에서 집회예배를 할 때 ▲입장 전 발열·기침·인후염 등 증상유무 체크 ▲입장 시 마스크 착용 ▲손소독제 비치 ▲예배 시 2ｍ 이격거리 유지 ▲예배전후 교회 소독 ▲예배시식사 제공 금지 ▲예배 참석자 명단 및 연락처 작성 등 7가지이다.또 감염병의 예방 및 관리에 관한 법률 제80조 제7호에 따라 300만원 이하의 벌금을 부과할 방침이다. 아울러 밀접집회 제한명령을 위반하고 종교집회를 개최해 확진자가 발생하는 경우 감염원에 대한 방역비와 감염자 치료비 등 제반 비용에 대한 구상권이 청구될 수 있다.도의 이번 조치는 지난 주말 성남 은혜의 강 교회 등 교회를 중심으로 집담감염이 발생한 데 따른 것이다.김은지 부산닷컴 기자 sksdmswl807@busan.com▶ 네이버에서 부산일보 구독하기 클릭!▶ '터치 부산' 앱 출시, 부산일보 지면을 내 손 안에!▶ 부산일보 홈 바로가기
필리핀 금융시장 무기한 폐쇄…코로나19로 인한 첫 셧다운	https://news.naver.com/main/read.nhn?mode=LSD&mid=sec&sid1=001&oid=025&aid=0002984745	필리핀 금융시장이 문을 닫았다. 필리핀 주식은 물론 채권, 통화 거래 모두가 중단된다. 기한도 정해지지 않았다. 신종 코로나바이러스 감염증(코로나19)로 인한 첫 금융시장 ‘셧다운’이다.17일 필리핀 증권거래소와 은행협회는 금융시장을 폐쇄한다고 밝혔다. 효력은 이날부터다. 서킷 브레이커(주식 거래 일시 중단)나 사이드카(주식 매매 호가 효력 정지) 같이 잠깐 거래가 정지되는 차원이 아니다. 전면 거래 금지다. 주식시장에만 한정된 것도 아니다. 주식은 물론 채권ㆍ외환시장 모두가 문을 받는다.필리핀 마닐라 대통령궁 내 설치된 범정부 신종 감염병 대응 센터에서 16일 로드리고 두테르테 필리핀 대통령이 발언하고 있다. 연합뉴스, 무단 전재-재배포 금지〉기한도 정해지지 않았다. ‘추후 공지가 있을 때’까지다. 블룸버그통신은 “로드리고 두테르테 필리핀 대통령이 16일 내린 결정”이라면서 “코로나19의확산세에 따른 판단”이라고 전했다.필리핀에선 코로나19 환자 수는 약 140명(확진자 기준), 사망자 수는 12명이다. 이날 기준 확진자 수 8만881명, 사망자 수 3226명인 중국, 확진자 수 8320명, 사망자 수 81명인 한국과는 비교가 되지 않는다. 그런데 두테르테 대통령이 이례적인 전면 폐쇄를 결정한 건 금융시장 붕괴 속도가 매우 빨라서다.금융시장 폐쇄는 전례가 아예 없지 않다. 극히 드물 뿐이다. 2001년 9월 11일 미국 뉴욕 한가운데 서 있는 세계무역센터 ‘쌍둥이 빌딩’이 비행기 테러로 무너졌다. ‘9ㆍ11 사태’ 때 뉴욕 증시가 일주일간(2001년 9월 11~17일) 문을 닫았다. 거의 모든 증권 거래가 전자 방식으로 이뤄지기 때문에 객장인 뉴욕증권거래소(NYSE)가 폐쇄된다 해도 주식 매매상 큰 문제가 사실 없었다. 당시 증시 폐쇄는 직접적인 객장 테러 위협 때문이 아닌 주가 폭락을 막기 위한 조치였다. 1987년 증시가 무너졌던 ‘검은 월요일’ 사태 때도 심각한 주가 추락을 저지하기 위해 홍콩 증시가 폐쇄됐다.16일 폐쇄된 필리핀 마닐라 시내. 연합뉴스필리핀 정부도 코로나19의 전 세계적 확산에 따른 주가 하락, 통화가치 급락을 막기 위해 금융시장 무기한 중단을 선택했다. 필리핀 주가지수인 PSEi 지수는 16일 5335.37로 마감했다. 지난 1월 2일 7742.53과 비교해 31.09% 하락했다. 올해 들어 3개월여 만에 30% 넘는 낙폭을 기록했다. 블룸버그통신은 “필리핀 증시는 올해 들어 아시아에서 가장 큰 폭의 하락세를 기록했다”고 짚었다.이밖에 필리핀 정부는 코로나19 확산을 막기 위해 수도 마닐라와 루손섬을 봉쇄하는 등 강도 높은 대응을 이어가고 있다.조현숙 기자 newear@joongang.co.kr▶마스크 쓰면 코로나 안 걸릴까?▶내 돈 관리는 '그게머니'/중앙일보 가기ⓒ중앙일보(https://joongang.co.kr), 무단 전재 및 재배포 금지
오영환 “조직 없어 힘겹다”…왕따·갑질 논란 해명	https://news.naver.com/main/read.nhn?mode=LSD&mid=sec&sid1=001&oid=016&aid=0001649605	-YTN라디오 노영희의 출발 새아침 출연-‘문희상 아들’ 문석균 무소속 출마 예정오영환 더불어민주당 경기 의정부갑 예비후보가 11일 국회 정론관에서 제21대 총선 출마를 선언하고 있다. [연합][헤럴드경제=주소현 기자]오영환 더불어민주당 경기 의정부갑 예비후보는 17일 “조직 없이 선거를 준비하고 있어 외롭다”고 토로했다. 의정부 지역위원회, 시·도의원 사이에서 불거진 ‘왕따’, ‘갑질’ 논란 등에 대해서도 해명했다.민주당 영입인재로 경기 의정부갑에 전략공천된 소방관 출신 오 후보는 이날 YTN라디오 ‘노영희의 출발 새아침’에서 “새로운 사람을 받아들이는 데 진통이 따르는 것 같다”며 이같이 말했다.오 후보가 공천 받은 의정부 갑 지역은 문희상 전 국회의장이 5선을 한 지역구로, 문 의장과 아들 문석균 전 경기 의정부갑 지역위원회 상임부위원장 지지 기반이 잘 닦인 곳이다. 문석균 부위원장은 ‘지역구 세습’을 이유로 민주당 공천에서 탈락했으나, 무소속 출마를 예고한 상태다.오 후보는 협조적이지 않은 의정부 지역위원회 측에 대해 “의정부갑은 문희상 의장님께서 6선을 한 지역”이라며 “의장님과 함께 지역에서 민주당을 위해 오랜 시간 노력해 오신 분들이 많아 반발하는 심정을 이해한다”고 말했다.다만, “더 많은 시민들에게 다가가기 위해 의정부 거주 당원들의 연락처가 필요하다”며 “(문 부위원장) 측 정보나 인맥이 있어 저희가 힘겨운 상황”이라고 어려움을 호소했다.의정부갑 지역 당원들과 사이에서 불거진 오해들에 대해서는 “전략공천 받은 자의 숙명”이라고 입을 뗐다.특히, 의정부 시도의원들에게 문자메시지로 ‘갑질’을 했다는 논란에 대해 “저 역시 더불어민주당 경기도당 간담회 개최 사실을 통보받았을 뿐”이라며 “제가 보낸 문자가 아니고 잘못 알려진 소식”이라고 해명했다.오 후보는 “어렸을 때 의정부동에 위치한 반지하에서 영화 ‘기생충’에 나올 법하게 살았던 적도 있다”며 의정부시와 인연을 강조하며 “제 선거를 정정당당하게 치루겠다”고 다짐했다.addressh@heraldcorp.com▶헤럴드 ‘팩트체커’ 진실은 바로 이것▶코로나19 현황보기▶선별진료소 확인- Copyrights ⓒ 헤럴드경제 & heraldbiz.com, 무단 전재 및 재배포 금지 -
"코로나19 극복하자" 팔영청과 순천시에 5천만원 기부	https://news.naver.com/main/read.nhn?mode=LSD&mid=sec&sid1=001&oid=079&aid=0003336992	[전남CBS 최창민 기자]팔영청과 송광현 대표(왼쪽)가 코로나19 극복 특별성금 5천만원을 기부하면서 허석 순천시장과 기념촬영을 하고 있다.(사진=순천시 제공)전남 순천시 농산물도매시장 팔영청과(주) 송광현 대표가 코로나19 극복을 위한 성금 5천만원을 기탁했다.송 대표는 “모두가 어려운 코로나19의 거친 파도를 모두 함께 헤쳐 나가길 바란다”며 “나도 어렵지만 나보다 더 어려운 소외된 계층에게 예방물품을 구입해 전달해 달라”고 말했다.허석 순천시장은 “코로나19 때문에 소상공인인 자신도 어려운데 더군다나 10년을 모은 적금을 자기보다 더 어려운 계층을 기부한다는 것은 참으로 대단하고 감사하다”며 “기부해주신 성금은 기부자의 뜻에 따라 소중히 사용 하겠다”고 말했다.순천시는 전달된 성금을 취약한 계층을 위한 마스크, 손 소독제 등을 구입하는 용도로 사회복지공동모금회에 기탁할 예정이다.▶ 확 달라진 노컷뉴스▶ 클릭 한 번이면 노컷뉴스 구독!▶ 보다 나은 세상, 노컷브이와 함께ccmin@cbs.co.kr저작권자 © CBS 노컷뉴스 무단전재 및 재배포 금지
광주시, 효 함양 및 효행장려사업 공모	https://news.naver.com/main/read.nhn?mode=LSD&mid=sec&sid1=001&oid=079&aid=0003336991	26일까지, 비영리 법인 및 민간단체 대상 총 2천만원 지원경로효친 문화 장려 위한 교육, 영상제작, 연극공연 등[광주CBS 권신오 기자]광주시는 오는 26일까지 경로효친 문화 장려를 위한 ‘2020년도 효함양 및 효행장려사업’ 참여단체를 공모한다.공모대상은 효를 소재로 하는 교육, 예절 체험 프로그램 및 효 문화 확산을 위한 영상제작, 학교 순회 연극공연 등 경로효친 장려 및 효 실천 사회 분위기 조성을 위한 사업 등이며 지원규모는 총 2000만원이다.참여대상은 광주시에 소재한 비영리법인, 사회복지법인, 비영리민간단체 등으로 신청은 시청 홈페이지 고시·공고에 게시된 공고문을 참고해 관련 서류를 시청 2층 고령사회정책과에 직접 제출하면 된다.응모된 사업은 심사를 통해 사업 내용의 적정성, 타당성, 독창성, 경제성, 파급효과, 사업수행 능력, 최근 노인복지 증진사업 활동 실적 등을 고려해 지원대상과 지원액을 결정한다.광주시는 지난 2010년부터 시교육청과 함께 초·중·고교 등을 직접 방문해 세대별 눈높이에 맞는 효 실천 교육과 체험활동, 인형극, 복화술, 음악회 등을 지속적으로 실시해왔다.지난해에는 시민들이 직접 참여하고 실천할 수 있는 기회를 제공하기 위해 신규 사업으로 ‘효 문화 콘텐츠 공모전’을 실시해 출품된 330여점의 작품 중 우수 작품 18점을 시청 1층 로비에 전시하는 등 포토 에세이집도 제작해 지역사회 효문화 확산에 기여했다.▶ 확 달라진 노컷뉴스▶ 클릭 한 번이면 노컷뉴스 구독!▶ 보다 나은 세상, 노컷브이와 함께ppori5@hanmail.net저작권자 © CBS 노컷뉴스 무단전재 및 재배포 금지
정부, 전 세계로 특별입국절차 확대...한국발 입국 제한 150곳	https://news.naver.com/main/read.nhn?mode=LSD&mid=sec&sid1=001&oid=025&aid=0002984744	일각에선 한시적 입국 금지 또는 14일 격리 조치 여론도신종 코로나바이러스 감염증(코로나19)이 전 세계적으로 확산하는 가운데 17일 오전 한국발 입국을 제한하는 국가는 150곳으로 집계됐다. 한국뿐만 아니라 중국, 일본, 이탈리아, 이란 등지에서 오는 입국자를 함께 제한하고 있다.미국행 여객기를 이용하는 승객의 출국검역이 11일 자정부터 강화됐다. 이날 오전 인천공항 이용객들이 3층 출국장에서 이동하고 있다. 김성룡 기자한국 방문객의 입국 자체를 막는 국가는 90곳으로, 한국 전역에서의 입국을 금지하는 곳이 85곳, 5곳은 대구ㆍ경북 등 특정 지역 방문객의 입국을 금지하고 있다. 세계보건기구(WHO)가 지난 11일(현지시간) 코로나19에 대해 세계적 대유행, 즉 팬데믹을 선언한 이후 각국이 입국 제한 수위를 높이는 추세다.아르헨티나, 튀니지, 파나마 등은 당초 자가 격리를 권고하는 수준에서 강경 방침인 입국 금지로 돌아섰다. 세르비아처럼 일부 지역만 입국 금지 대상으로 삼다가 아예 모든 외국인의 입국을 금지하고 나선 국가도 나오고 있다.한국발 여행객에 대해 지정시설 격리 조치를 취하고 있는 곳은 중국을 포함한 17곳이다. 중국은 26개 지방정부(성ㆍ시ㆍ자치구) 가운데 23곳에서 한국발 입국자를 격리하고 있다. 자가 격리를 권고하거나 공항 검역을 강화하는 등 다소 낮은 수위로 제한하는 국가는 43곳이다.한국도 코로나19의 세계적 대유행에 대응하기 위해 국내로 입국하는 모든 입국자에 대해 특별입국절차를 확대 적용하기로 했다. 중앙재난안전대책본부는 이날 오전 정부세종청사에서 열린 정례브리핑에서 “19일 목요일 0시부터 내·외국인을 포함해 우리나라로 입국하는 모든 입국자에 대해 특별입국절차를 시행한다”고 밝혔다.앞서 한국은 지난달 4일부터 중국 후베이성(河北)에서 오는 외국인에 대해서는 전면적인 입국 금지 조치를 취하고, 후베이성 이외 중국(2월 5일) 지역을 시작으로 홍콩ㆍ마카오(2월 12일), 일본(3월 9일), 이란ㆍ이탈리아(3월 12일) 입국자에 한해서는 특별입국절차를 적용해왔다.이후 유럽에서 코로나19 확진자 수가 급증하자 지난 15일 프랑스ㆍ독일ㆍ스페인ㆍ영국ㆍ네덜란드 등 5개국에 이어 16일 유럽 전역으로 대상을 확대한 지 하루 만에 모든 입국자에 대해 특별입국절차를 적용한다는 방침을 세운 것이다.정부가 특별입국절차 대상국을 유럽 전역으로 확대한 16일 오후 인천국제공항 2터미널에서 파리발 여객기를 타고 도착한 승객들이 검역과 연락처 확인 등의 특별입국절차를 거치고 있다. [연합뉴스]특별입국대상자는 발열 체크를 거쳐 특별검역신고서를 제출해야 하고, 국내 체류 주소와 수신 가능한 연락처가 확인돼야 입국이 가능해진다. 또한 모바일 ‘자가진단 앱’을 설치해야 한다. 다만, 유럽을 중심으로 한 코로나19 확산세가 심상치 않은 상황이어서 14일 자가 격리를 의무화하는 등 보다 강화된 입국 절차를 적용해야 한다는 지적도 나오고 있다.◇미측에 G20 화상 정상회의 협조 당부=조세영 외교부 1차관은 이날 스티븐 비건 미 국무부 부장관과 통화하고 코로나19 동향 및 대응방안을 논의했다고 외교부는 밝혔다. 조 차관은 지난 13일 문재인 대통령이 에마뉘엘 마크롱 프랑스 대통령과의 정상통화에서 제안한 G20(주요 20개국) 특별 화상 정상회의 개최와 관련해 미국 측의 협조도 당부했다. 강경화 외교부 장관도 15일 캐나다, 독일, 브라질, 이탈리아, 호주 등 5개국 외교장관과의 통화에서 G20 화상정상회의 개최에 대한 협조를 요청했다.위문희 기자 moonbright@joongang.co.kr▶마스크 쓰면 코로나 안 걸릴까?▶내 돈 관리는 '그게머니'/중앙일보 가기ⓒ중앙일보(https://joongang.co.kr), 무단 전재 및 재배포 금지
광진구, 구내식당 한달간 휴업…“골목식당 이용 동참”	https://news.naver.com/main/read.nhn?mode=LSD&mid=sec&sid1=001&oid=016&aid=0001649604	4월17일까지 구·동 전체 식당 운영 중단광진구청 구내식당의 문이 닫혀있다. [광진구 제공][헤럴드경제=한지숙 기자] 서울 광진구(구청장 김선갑)는 구청과 동 주민센터 등 전체 구내식당을 오는 19일부터 4월17일까지 한달간 운영하지 않는다고 17일 밝혔다. 코로나19 장기화로 위축된 지역경제 지원을 위해서다.지난 12일 김 구청장은 현장 점검 때 상인들로부터 심각한 경제적 어려움에 처해있다는 하소연을 들은 뒤 광진구공무원노조와 긴급 협의를 진행하고, 전 직원을 대상으로 생방송을 통해 구·동 전체 식당 운영을 중단하는데 양해와 동참을 구해 이처럼 결정했다.광진구 소재 식당을 운영하는 한 상인은 “구청에서 큰 결단을 내려주셔서 감사하고 실제로도 많은 도움이 되고 있다”라며 “상인회에서도 철저한 방역과 꼼꼼한 위생관리로 감염이 발생되지 않도록 철저히 준비하고 기본 예방 수칙은 물론, ‘사회적 거리두기 캠페인’도 적극 동참하겠다”고 구청 측에 전했다.김선갑 구청장은 “힘든 상황에 놓여있는 자영업 주민들의 아픈 마음을 조금이나마 도와드리고자 구·동 전 직원이 동참하여 한 달간 구내식당 운영을 중단하기로 결정했다”며 “지역경제 활성화를 위해 자치구에서 할 수 있는 모든 방안을 추진할테니 어려운 시기 희망과 용기를 잃지 말고 함께 극복해 나갔으면 한다”고 말했다.jshan@heraldcorp.com▶헤럴드 ‘팩트체커’ 진실은 바로 이것▶코로나19 현황보기▶선별진료소 확인- Copyrights ⓒ 헤럴드경제 & heraldbiz.com, 무단 전재 및 재배포 금지 -
코로나19에도 방위비 분담금을 올리겠다고?	https://news.naver.com/main/read.nhn?mode=LSD&mid=sec&sid1=001&oid=047&aid=0002261673	[역사로 보는 오늘의 이슈] 경제위기 봉착한 한국... 주한미군 방위비 분담금 인상 막아야[오마이뉴스 김종성 기자]▲ 취재진 질문 답하는 정은보 한미방위비분담금협상 대사 정은보 한미방위비분담금협상 대사가 미국 로스앤젤레스에서 열리는 제11차 한미 방위비분담금특별협정(SMA) 체결을 위한 7차 회의에 참석하기 위해 16일 오후 인천국제공항을 통해 출국하며 취재진의 질문에 답하고 있다. 2020.3.16 ⓒ 연합뉴스세계보건기구(WHO)가 코로나19 팬데믹(세계적 대유행)을 선포하고 한국 경제가 침체에 빠져든 상황에서, 주한미군 방위비 분담금 협상이 미국에서 진행된다. 정은보 외교부 한미방위비분담 협상대표가 16일 출국했고, 양국 대표단이 미국 시각 17일부터 이틀간 로스앤젤레스에서 제11차 방위비분담금협정(SMA)의 제7회 회의를 갖는다.도널드 트럼프 행정부는 당초 5배 증액을 요구했지만, 한국 국민의 반발에 부딪혀 지금은 다소 누그러져 있다. 하지만 다소 누그러졌을 뿐, 완전히 누그러진 것은 아니다. 여전히 상당 수준의 분담금 인상을 기대하고 있다.미국 시각으로 2월 24일 열린 한미 국방장관 회담 뒤에 한국정부 당국자는 기자들에게 "작년에 8.2%로 증가율을 많이 올리지 않았느냐?"며 "현 SMA 협상에서도 기본적으로 그런 수준부터 해서 어느 정도 증가율 자체를 다른 예년보다는 높게 책정하고 있다"고 언급했다. 8.2%보다 '어느 정도' 높은 수준에서 분담금을 인상해줄 의향이 있다는 것이다.하지만 지금의 미국정부는 그 정도에 만족하지 못한다. 이런 분위기를 보여주는 언론보도 중 하나가 3월 16일자 <성조지(Stars and Stripes)> 기사다. 국방부가 발행하는 이 일간지에 게재된 '무급휴직 임박... 미국과 남한, 분담금 교착상태 타개 시도(US, South Korea seek to break cost-sharing deadlock with furlough imminent)'에 이런 대목이 있다."미국 협상가들은 1년에 근 50억 달러가 제공되도록 5배 인상하라는 최초의 요구를 거둬들이기는 했지만, 남한이 작년에 지불한 9억 2000만 달러보다 적어도 3배 이상 인상할 것을 여전히 요구하고 있는 것으로 알려졌다."한국이 작년에 지불한 금액은 한화 1조 389억 원이다. 이 금액의 3배 이상을 요구하고 있는 것으로 알려져 있다는 것이다. 미국 국방부 일간지에 나온 보도인데다가 제7회 회담에 임박해서 나온 보도이므로, 어느 정도는 미국 협상단의 속내를 반영하는 기사라고 볼 수 있다.코로나19 사태가 미국과 유럽으로 번지고 있지만, 한국 역시 이번 사태의 주요 피해자다. 미국처럼 국가비상사태를 선포하지 않았을 뿐, 한국 상황도 국가비상사태나 다름 없다. 17일 오전 8시 기준, 한국은 중국(확진자 8만 866명), 이탈리아(2만 7980명), 이란(1만 4991명), 스페인(9942명)에 이어 확진자가 다섯 번째로 많다. 미국은 4599명으로 독일·프랑스에 이어 여덟 번째를 기록하고 있다.미국보다 경제규모가 작은 한국이 이런 위기를 겪고 있는 상황에서 방위비 분담금을 몇 배나 더 내야 한다고 압박하는 것은 한미동맹을 운운하는 나라가 할 만한 일이 아니다. 거기다가, 분담금을 인상해주지 않으면 주한미군 한국인 노동자들을 무급휴직하겠다는 것은 미국 행정부의 상식을 의심케 할 만하다. 미국과 미군을 위해서 일해온 한국인 노동자들을 볼모 삼아 한국 국민과 정부를 압박하겠다는 것은 상식 밖이 아닐 수 없다.1991년부터 작년까지 한국의 분담금은 거의 매년 인상됐다. 2019년에는 2018년에 비해 787조 원이나 올랐다. 금액이 이처럼 올랐는데도 한국인 노동자 임금을 지불할 수 없다는 것은 납득할 수 없는 일이다.국경 장벽 건설에 이자놀이까지... 분담금, 이렇게 쓰였다사실, 한국이 분담해온 금액은 주한미군한테 과도한 액수였다. 이 점은 주한미군이 돈을 다 쓰지 못해 다른 데 전용하고 있는 사실에서도 드러난다. 지난 2019년 9월에 트럼프 행정부는 멕시코와의 국경 장벽을 건설하고자, 성남시 전시지휘통제소 CP탱크와 군산시 공군기지 무인기 격납고에 배정된 주한미군 예산 846억 원을 '만리장성' 건설 비용으로 전용했다.비슷한 일이 한두 건이 아니다. 2013년 11월 19일자 <한겨레>에 실린 '주한미군, 방위비분담금 잔액 이자만 5년간 1600억대'라는 기사는 "주한미군이 한국정부한테서 받아간 방위비 분담금 잔액에서 2006~2007년 2년간 566억 원의 이자소득을 올린 사실이 확인됐다"고 보도했다. 한국 분담금이 필요 이상으로 많기 때문에 '이자놀이'까지 할 수 있었던 것이다.이는 주한미군 내에 자금이 남아돌고 있음을 의미한다. 한국의 분담금이 지나치게 많다는 뜻이기도 하다. 그런데도 더 많은 분담금을 요구하는 것도 모자라 한국인 노동자들을 무급휴직시키겠다며 위협을 가하고 있으니, 미국의 상식을 의심하지 않을 수 없는 것이다.한국 같은 코로나19 피해국가들이 경제위기에 빠져 있다는 점은 미국 정부도 잘 알고 있다. 중앙은행인 연방준비제도이사회가 현지 시각 15일 기준금리를 연간 1.00~1.25%에서 0.00~0.25%로 인하함으로써 2008년 글로벌 금융위기 10년 만에 제로금리 시대를 열었다. 이는 시중에 돈을 풀어 달러 유동성을 확대함으로써 코로나19로 인한 경기침체에 대처하기 위한 것이다. 미국 역시 코로나19와 경제위기의 상관성에 주목하고 있음을 의미한다.그런데 지금의 경제위기는 기준금리 인하 정도로는 부족할 정도로 엄중하다. 엄밀히 말해서, 코로나19로 가계와 기업들이 어려움을 겪는 것은 시중에 돈이 돌지 않아서이기도 하지만 그보다는 노동과 생산에 차질이 생겼기 때문이라고 볼 수 있다. 화폐 부문보다 실물 부문이 더 위험한 것이다. 그러므로에 화폐 순환을 돕는 금리인하뿐 아니라 노동·생산의 순환을 돕는 재정 부문의 해법도 모색하지 않으면 안 된다. 기준금리 인하만으로는 해결하기 힘든 상황인 것이다.코로나19의 주요 피해자로서 화폐뿐 아니라 실물경제 부문에서도 위기에 처한 한국을 상대로, '한미동맹'을 운운하는 미국이 분담금 인상을 강요하는 것은 너무나 비인간적인 처사라는 느낌을 갖지 않을 수 없다.▲  세계보건기구(WHO)가 신종 코로나바이러스 감염증(코로나19)에 대해 펜데믹(세계적 대유행)을 선언한 가운데 16일 오후 서울 중구？서울시청역 대합실에 코로나19 확산 방지를 위해 서울시가 제안한 사회적 거리두기 ‘잠시 멈춤’ 캠페인 안내문이 붙어 있다. ⓒ 유성호미국은 코로나19로 경제 불안한 한국 상황 고려해야지난 30년간 방위비 분담금은 거의 매년 인상됐지만, 이례적으로 삭감된 때도 있었다. 노무현 정부 때인 2005년과 2006년이다. 이때는 종전처럼 3년이나 5년 단위로 하지 않고 2년을 단위로 하면서 분담금을 8.9% 삭감했다. 주한미군 감축에 따른 조치였다.그런데 분담금이 인상됐는데도 금액을 적게 낸 연도가 있다. 바로 1999년이다. 1999~2001년의 3개 연도를 대상으로 한 제4차 협상 때는 분담금이 8.0% 인상됐다. 하지만, 이 기간의 첫 연도인 1999년에 한국이 낸 돈은 전년보다 6000만 달러 적은 3억 3300만 달러다. 제3차 때인 1996~1998년보다 분담금이 8.0% 인상되도록 하면서도 1999년만큼은 금액이 적어지도록 조정했던 것이다.새로운 합의가 적용되는 첫 해인 1999년에 한국 분담금이 감소되도록 미국이 조정한 것은 1997년 11월의 IMF(국제통화기금) 외환위기 때문이다. IMF 위기 발생 직후 미국은 한국을 미국 기업의 진출에 유리한 곳으로 만들고자 IMF를 움직여 한국에 불리한 조건들을 강제했다. 그랬던 미국이 1999년도 방위비 분담금을 줄여줬던 것이다.미국도 IMF 위기로 허덕이는 한국을 상대로 더 이상의 압박을 가하기가 힘들었던 것이다. 1998년 12월 23일자 <매일경제> 기사 '주한미군 방위비 분담금, 정부 내년 2억 9000만불 지불키로'는 "한·미 양 측이 우리나라의 경제상황을 고려해 이루어진 것"이라는 국방부 관계자의 말을 인용해 보도했다.지금의 한국 경제 역시 위태롭다. 이런 한국을 상대로, 미국이 작년에 이어 올해도 분담금을 인상하고 그것도 모자라 대폭 인상하려 하는 것은 불인지심의 결여를 보여주는 일이 아닐 수 없다.사실, 분담금이란 표현은 적절치 않다. 분담금이란 것은 당연히 내야 하는 쪽에서 내는 돈이다. 하지만 주한미군 방위비는 한국이 당연히 내야 할 돈이 아니다.미국은 자국의 태평양 방어를 위해 한국·일본열도·오키나와열도·괌 등에 군대를 배치하고 있다. 자국 안보를 위해 타국에 군대를 배치했으므로 미국이 방위비를 조달해야 함은 물론이고, 과거에 필리핀에 했던 것처럼 기지 사용료를 한국에 내야 한다. 또 기지 사용의 결과로 발생한 환경오염에 대해서도 비용을 지불해야 한다. 이는 자국 군대를 타국에 배치한 나라가 당연히 해야 할 일이다.자국 군대를 타국에 배치해놓고도 도리어 돈을 받는 것은 점령군이나 하는 일이다. 주한미군이 점령군이 아니라면, 미국은 지금의 행동을 멈추지 않으면 안 된다. 그것도, 코로나19로 상심에 빠져 있음은 물론이고 경제위기에까지 봉착해 있는 한국을 상대로 잔인한 압박을 가하는 것은 불인지심의 결여를 보여주는 행동이 아닐 수 없다.저작권자(c) 오마이뉴스(시민기자), 무단 전재 및 재배포 금지▶코로나19 속보 보기 [오라이브]▶네이버에서 오마이뉴스 채널을 구독하세요▶용감하게 성교육 <이런 질문, 해도 되나요?>
서울 확진자 14명 늘어 268명…동대문 PC방 이용자 전수조사	https://news.naver.com/main/read.nhn?mode=LSD&mid=sec&sid1=001&oid=056&aid=0010804912	서울시는 오늘(17일) 오전 10시 기준, 서울의 코로나19 누적 확진자가 어제보다 14명 늘어난 268명이라고 밝혔습니다.이는 중앙방역대책본부가 오늘 0시 기준으로 집계한 서울 발생 확진자 265명보다 3명이 더 많습니다.주요 발생원 별로 보면, 구로구 콜센터 관련 확진자가 서울에서는 82명으로 가장 많고, 동대문구 동안교회와 세븐 PC방과 관련한 집단연쇄감염이 18명, 은평 성모병원 관련 14명 순입니다.동대문구는 감염 위험 기간에 휘경동 세븐 PC방에 다녀간 이용자들을 전수조사하기로 했고 연락이 끊겼던 이용자 207명의 전화번호를 경찰의 협조로 입수해 검사를 받도록 할 예정입니다.▶ ‘ 코로나19 확산 우려’ 최신 기사 보기http://news.kbs.co.kr/news/list.do?icd=19588▶ ‘코로나19 팩트체크’ 제대로 알아야 이긴다 바로가기http://news.kbs.co.kr/issue/IssueView.do?icd=19589▶ 우리동네에서 무슨일이? KBS지역뉴스 바로가기http://news.kbs.co.kr/local/main.do김진화 기자 (evolution@kbs.co.kr)▶ 코로나19 함께 이겨냅시다! 응원 릴레이▶ ‘코로나19 팩트체크’ 제대로 알아야 이긴다▶ 더 빠르고 정확한 소식을 원하시면 KBS뉴스 구독!
[포토]'공천배제' 윤상현, '기자회견'	https://news.naver.com/main/read.nhn?mode=LSD&mid=sec&sid1=001&oid=018&aid=0004599107	[이데일리 노진환 기자] 미래통합당에서 공천 배제된 윤상현 무소속 의원이 17일 오전 서울 여의도 국회 정론관에서 기자회견을 하고 있다.노진환 (shdmf@edaily.co.kr)벤츠 시승하고 차량용 무선충전기 받기▶네이버에서 ‘이데일리’ 구독하기▶|청춘뉘우스~ 스냅타임▶＜ⓒ종합 경제정보 미디어 이데일리 - 무단전재 & 재배포 금지＞
‘뉴노멀’된 구청 투명 가림막	https://news.naver.com/main/read.nhn?mode=LSD&mid=sec&sid1=001&oid=016&aid=0001649603	관악구, 구내식당에 가림막 설치 비대면 식사구내식당에도 가림막을 설치돼 구청 직원들이 독서실 같은 분위기에서 식사하고 있다. [관악구 제공][헤럴드경제=한지숙 기자] 서울 관악구(구청장 박준희)는 코로나19 확산 방지를 위해 사회적 거리두기에 적극 동참 중이라고 17일 밝혔다.먼저 구는 코로나19 사태 초기에 직원 자율 시차출퇴근제를 시행했다. 임신공무원 중 희망자에 한해 재택근무를 실시했다.또한 비말로 인한 감염을 차단하기 위해 9층 구내식당 내 모든 테이블 중앙에 가림막을 설치해 비대면 식사를 진행하고 있다. 전 직원이 마스크를 착용한 상태로 배식하고, 식사 도중에는 대화를 자제하는 등 자발적인 거리두기를 시행 하고 있다.구청 1층 안내데스크와 7층 교통지도과 내 민원실에도 투명 아크릴 칸막이가 설치됐다. 민원인과 직원 간의 비말로 인한 감염증 전파 가능성을 염두해서다.구는 민원사무 종사자를 대상으로 수요조사를 벌여 칸막이 설치 대상 범위를 확대할 계획이다.아울러 구는 종교시설에 대해 오프라인 집회를 자제하고, 온라인 종교 활동으로 대체할 것을 지속적으로 권고하고 있으며, 관내 기업 및 유관기관(단체)에도 협조 공문을 발송해 ‘사회적 거리두기-2주간의 잠시 멈춤’ 운동에 동참할 수 있도록 적극 독려했다.박준희 구청장은 “많은 불편이 따름에도 불구하고 일상 속 방역인 ‘사회적 거리두기’ 운동에 자발적으로 참여해주시는 구민 분들께 감사드린다.”라며, “우리 관악구 직원들도 ‘사회적 거리두기’ 운동에 적극 동참하고 지속적으로 민간 참여를 독려해 코로나19 극복과 일상생활 회복을 앞당기겠다.”라고 말했다.jshan@heraldcorp.com▶헤럴드 ‘팩트체커’ 진실은 바로 이것▶코로나19 현황보기▶선별진료소 확인- Copyrights ⓒ 헤럴드경제 & heraldbiz.com, 무단 전재 및 재배포 금지 -
기업은행-중소기업기술정보진흥원, 연구개발기업에 특별자금 1400억원 지원	https://news.naver.com/main/read.nhn?mode=LSD&mid=sec&sid1=001&oid=009&aid=0004538020	IBK기업은행은 중소기업기술정보진흥원과 협력해 코로나19로 어려움을 겪는 연구개발(R&D) 수행기업에 특별자금을 지원한다고 17일 밝혔다.특별 지원자금의 최대 한도는 한 기업당 5억원으로 1.0%포인트 우대금리를 적용한다. 총 한도는 1400억원이다.연구개발(R&D) 수행기업은 중소벤처기업부에서 추천한다. 대출신청은 중소벤처기업부 기술개발사업 종합관리시스템에서 가능하다.[디지털뉴스국 류영상 기자]▶'M코인' 지금 가입하면 5000코인 드려요▶네이버 메인에서 '매일경제'를 받아보세요▶뉴스레터 '매콤달콤' 구독[ⓒ 매일경제 & mk.co.kr, 무단전재 및 재배포 금지]
문대통령 “비상경제회의 통해 특단의 대책과 조치”	https://news.naver.com/main/read.nhn?mode=LSD&mid=sec&sid1=001&oid=031&aid=0000529982	국무회의서 밝혀…“실물경제·금융시장 동시 타격받는 복합 위기 양상”[아이뉴스24 김상도 기자]문재인 대통령은 17일 오전 10시 정부서울청사에서 제13회 국무회의를 주재하고 코로나 19로 인한 심각한 경제 위기를 대비하기 위해 비상경제회의를 설치해 직접 주재하겠다고 밝혔다.문 대통령은 이날 회의에서 “코로나19가 세계적 대유행으로 번지며 일상적 사회활동은 물론 소비 및 생산 활동까지 마비되며 수요와 공급 모두 급격히 위축되고 있고, 실물경제와 금융시장이 동시에 타격을 받고 있는 그야말로 복합 위기 양상”이라고 규정하고 “인적 교류가 끊기고, 글로벌 공급망이 뿌리부터 흔들릴 수 있어 경제적 충격이 훨씬 크고 장기화될 수 있다”고 강조했다.정세균 국무총리와 국무위원들이 17일 오전 정부세종청사에서 열린 서울-세종 영상 국무회의에서 문재인 대통령의 발언을 듣고 있다.  [뉴시스]문 대통령은 이어 “대통령으로서 국민 경제가 심각히 위협받는 지금의 상황을 엄중하게 인식하고, 범정부적 역량을 모아 비상한 경제 상황을 타개해 나가고자 한다”며 이를 위해 “대통령이 직접 주재하는 비상경제회의를 통해 특단의 대책과 조치들을 신속히 결정하고 강력히 대처해 나가겠다”고 밝혔다.문 대통령은 이를 위해 “정부는 비상경제회의가 곧바로 가동할 수 있도록 빠르게 준비해 주기 바란다”고 지시하면서 “모든 부처는 우리 경제를 지키고 살리는 주관 부처라는 인식을 갖고 비상한 각오로 임해 주기 바란다. 정부는 특단의 경제 대책을 신속 과감하게 내놓아야 할 것”이라고 강조했다.문 대통령은 정부 측 대책을 위한 당부를 세 가지 제시했다. “첫째는 유례없는 비상상황이므로 대책도 전례가 없어야 한다”며 “무엇이든 쓸 수 있는 모든 자원과 수단을 총동원해야 한다. 비상한 대응에는 특히 타이밍이 중요하므로 과단성 있게 결단하고 신속하게 집행해야 한다”고 말했다.또 “둘째는 추경은 끝이 아니라 시작”이라며 “정부는 그동안 기존의 예산에 추경까지 더한 정책 대응으로 방역과 피해 극복 지원, 피해 업종과 분야별 긴급 지원 대책, 경기 보강 지원을 순차적으로 추진했다. 32조원 규모의 종합대책이 조기에 집행될 수 있도록 만전을 기해 주기 바란다”고 당부했다.“하지만 이것만으로는 턱없이 부족하다는 데 현장의 요구와 전문가들의 의견이 일치한다. 내수 위축은 물론 세계 경제가 침체로 향하는 상황에서 우리 경제와 민생을 지키기 위해서 불가피하다면 더한 대책도 망설이지 말아야 할 것”이라고 덧붙였다.이어 “셋째는 정책의 우선순위를 분명히 해야 한다”라고 강조하고 “어려운 때일수록 더욱 힘든 취약계층, 일자리를 잃거나 생계가 힘든 분들에 대한 지원을 우선하고, 실직의 위험에 직면한 노동자들의 일자리를 보호해야 한다. 또한 경제 위축으로 직접 타격을 받는 소상공인과 자영업자들이 쓰러지지 않도록 버팀목이 되는 역할에도 역점을 두어야 한다”고 밝혔다.문 대통령은 결론적으로 “코로나19 사태를 진정시켜 나가면서 대대적인 소비 진작과 내수 활성화를 위한 대책을 본격 추진해 나갈 준비를 해야 할 것”이라며 “세계적으로도 세계 각국이 대대적인 경기부양책을 시행하게 될 것이다. 그 계기를 우리 경제의 경기 반등 모멘텀으로 만들어내는데 역량을 집중해 주기 바란다”고 당부했다.이날 국무회의 참석자는 다음과 같다.ｏ 정부 : 최기영 과학기술정보통신부 장관, 강경화 외교부 장관, 김연철 통일부 장관, 박양우 문화체육관광부 장관, 성윤모 산업통상자원부 장관, 조명래 환경부 장관, 이재갑 고용노동부 장관, 이정옥 여성가족부 장관, 김현미 국토교통부 장관, 박영선 중소벤처기업부 장관, 한상혁 방송통신위원장, 은성수 금융위원장, 김오수 법무부 차관, 박재민 국방부 차관, 황서종 인사혁신처장, 김종호 감사원 사무총장 등(※불참: 국방부 장관, 서울시장).ｏ 청와대 : 노영민 비서실장, 정의용 국가안보실장, 김상조 정책실장, 주영훈 경호처장, 강기정 정무수석, 윤도한 국민소통수석, 김조원 민정수석, 김거성 시민사회수석, 김외숙 인사수석, 황덕순 일자리수석, 이호승 경제수석, 김연명 사회수석, 김유근 국가안보실 1차장, 김현종 국가안보실 2차장, 박복영 경제보좌관, 강민석 대변인, 이진석 국정상황실장, 박상훈 의전·신지연 제1부속·오종식 기획·신동호 연설·조용우 국정기록·김광진 정무·여현호 국정홍보·이준협 일자리기획조정비서관 등.ｏ 정부세종청사 영상회의실(화상 연결) : 정세균 국무총리, 김현수 농림축산식품부 장관, 박능후 보건복지부 장관, 김용범 기재부 1차관, 박백범 교육부 차관, 노형욱 국무조정실장, 조성욱 공정거래위원장, 박은정 국민권익위원장, 박삼득 국가보훈처장, 김형연 법제처장, 이의경 식품의약품안전처장, 김성수 과학기술혁신본부장, 유명희 통상교섭본부장, 최병환 국무1차장, 김성수 국무총리 비서실장 등(불참: 해양수산부 장관).김상도기자 kimsangdo@inews24.com▶네이버 채널에서 '아이뉴스24'를 구독해주세요.▶홍성택과 함께하는 희망찾기 등산·트레킹 교실▶아이뉴스24 바로가기[ⓒ 아이뉴스24 무단전재 및 재배포 금지]
강남구, 환경미화원 250명 투입해 대청소	https://news.naver.com/main/read.nhn?mode=LSD&mid=sec&sid1=001&oid=016&aid=0001649602	버스정류장, 공원 등 742곳구청 직원이 공원 시설물을 향해 시원하게 물을 뿌리고 있다. [강남구 제공][헤럴드경제=한지숙 기자] 서울 강남구(구청장 정순균)는 오는 20일까지 물청소차 68대와 환경미화원 250여명을 투입해 관내 버스정류장, 공원 등 공동이용시설 742곳에서 방역과 대청소를 실시한다고 17일 밝혔다.코로나19로부터 안전한 환경을 조성하기 위한 것으로, 겨우내 쌓인 묵은 때를 제거하는 물청소도 함께 진행한다.앞서 구는 지난 11일까지 시내·공항·마을버스정류장 611곳에 대한 청소와 방역을 완료했으며, 감염병에 취약한 어르신 및 어린이가 주로 이용하는 공원 131곳의 내 운동기구·놀이터 등도 순차적으로 진행하고 있다.송진영 강남구 청소행정과장은 “강남구는 코로나19의 지역 확산을 막기 위해 나(Me), 너(Me), 우리(We)가 함께하고, 배려하고, 존중하는 마음으로 구민들과 함께 최선을 다하고 있다”며 “지하철역 출입구 지붕 물청소 등 앞으로도 청결하고 안전한 강남을 만들기 위한 노력들을 펼치겠다”고 말했다jshan@heraldcorp.com▶헤럴드 ‘팩트체커’ 진실은 바로 이것▶코로나19 현황보기▶선별진료소 확인- Copyrights ⓒ 헤럴드경제 & heraldbiz.com, 무단 전재 및 재배포 금지 -
[포토]입장 밝히는 윤상현	https://news.naver.com/main/read.nhn?mode=LSD&mid=sec&sid1=001&oid=018&aid=0004599106	[이데일리 노진환 기자] 미래통합당에서 공천 배제된 윤상현 무소속 의원이 17일 오전 서울 여의도 국회 정론관에서 기자회견을 하고 있다.노진환 (shdmf@edaily.co.kr)벤츠 시승하고 차량용 무선충전기 받기▶네이버에서 ‘이데일리’ 구독하기▶|청춘뉘우스~ 스냅타임▶＜ⓒ종합 경제정보 미디어 이데일리 - 무단전재 & 재배포 금지＞
KSS해운, 특별관계자 지분변동	https://news.naver.com/main/read.nhn?mode=LSD&mid=sec&sid1=001&oid=005&aid=0001300161	KSS해운은 박종규 및 특별관계자의 지분율이 30.22%에서 30.25%로 변동했다고 17일 공시했다. 한편, KSS해운의 11시 44분 현재주가는 6,510원으로 직전 거래일 대비 140원(-2.11%) 하락이며, 거래량은 29,237주이다.공시 전문으로 이동* 주식등의 대량보유상황보고서는 특수관계인을 포함한 개인이나 법인이 상장회사 지분을 5%이상 보유하게 될 경우에 5일 이내 발표하는 지분공시다. 일명 "5%룰"이라고도 불리며, 주식을 추가로 매입하거나, 매각해 1% 이상의 지분변동이 생겨도 5일 이내에 공시해야 한다.스톡봇 기자※ 이 기사는 국민일보와 엠로보가 개발한 증권뉴스 전용 인공지능 로봇 ‘스톡봇’이 금융감독원 전자공시시스템(DART)과 한국거래소(KRX) 데이터를 토대로 작성한 것입니다. 지속적인 업그레이드를 통해 더욱 풍부하고 정확한 내용을 담아 가겠습니다.▶ 네이버에서 국민일보를 구독하세요(클릭)▶ 국민일보 홈페이지 바로가기GoodNews paper ⓒ국민일보(www.kmib.co.kr), 무단전재 및 재배포금지
